,chrom,start,end,enhancer_NIPBL_score_0,enhancer_H3K27Ac_score_0
0,chr1,4853920,4854919,1.4786150783357286,3.4841734249205314
1,chr1,4969920,4970919,0.7766735489878165,4.179165376134819
2,chr1,6457920,6458919,0.776225973778172,0.6561775302160875
3,chr1,11277920,11278919,2.979942258096494,10.907293428395846
4,chr1,11501920,11502919,2.5715465257697963,5.279138043719572
5,chr1,12743920,12744919,4.280859054228347,7.076670361462835
6,chr1,12744920,12745919,4.2814285533590635,7.082182978002404
7,chr1,13083920,13084919,6.1967239281390505,5.2277252011452084
8,chr1,13084920,13085919,6.1735882099820545,5.276210786462476
9,chr1,20866920,20867919,2.867897931782097,6.4831194704967325
10,chr1,33940156,33941155,0.6990130809097798,1.9201011329820306
11,chr1,34073156,34074155,2.920496140043491,11.884522276369655
12,chr1,34103156,34104155,2.949699440831332,14.64524794915837
13,chr1,34110156,34111155,1.1442992087363633,10.514519822347358
14,chr1,35232156,35233155,3.409806626917494,9.299615930221211
15,chr1,35944156,35945155,3.499226391435915,15.810921497668403
16,chr1,36014156,36015155,3.4657272604756693,20.61387129066772
17,chr1,36054156,36055155,1.5143385921744528,8.675649661938648
18,chr1,36061156,36062155,3.9107973040939186,21.660073393736187
19,chr1,36985156,36986155,5.437913367386211,33.35664902818799
20,chr1,36987156,36988155,4.445152143885504,31.301568630745287
21,chr1,51536157,51537156,1.0790478974198834,0.6780780878709683
22,chr1,52953157,52954156,4.676279576334165,27.139691760988622
23,chr1,54484157,54485156,3.012949073567335,4.713326481529416
24,chr1,54485157,54486156,3.037451815323376,4.249627836855825
25,chr1,56697157,56698156,0.9875557399943297,1.226812028796674
26,chr1,58949157,58950156,0.45309030634277137,0.7717297851872534
27,chr1,59448157,59449156,0.7837075316083594,1.7688359010750483
28,chr1,59449157,59450156,0.7617929482394428,1.7819334952181265
29,chr1,59487157,59488156,0.5250805612952536,1.6573298259682638
30,chr1,60850157,60851156,1.869056708160351,7.409743182479585
31,chr1,60851157,60852156,2.669427851302339,11.47679240988394
32,chr1,62181427,62182426,1.7973473767341084,0.6031299893031091
33,chr1,62767427,62768426,3.175217760804167,11.09657006565007
34,chr1,63137427,63138426,5.203990865915456,14.537707839241659
35,chr1,63138427,63139426,5.697293066529983,20.01830151368719
36,chr1,71672427,71673426,3.4058049307735074,7.254858670940327
37,chr1,72213427,72214426,3.0656742278453053,17.051370988327303
38,chr1,72228427,72229426,2.6814404120782087,4.622486180168189
39,chr1,74824427,74825426,2.139215652348755,4.269766818644627
40,chr1,75804426,75805425,0.9796455007075026,1.437978470666415
41,chr1,77453426,77454425,4.196273276700358,9.693193973134983
42,chr1,77472426,77473425,1.5249316441330936,5.741879613400697
43,chr1,84176426,84177425,0.8860395433864232,1.1633673921094214
44,chr1,86187426,86188425,2.0003284085120496,6.623379525992717
45,chr1,86310426,86311425,3.934182928930986,15.616204096980699
46,chr1,87226426,87227425,3.6740550264936713,17.735552552122215
47,chr1,89870426,89871425,0.7904532275287721,1.620492145066153
48,chr1,100877424,100878423,1.614647640071193,2.2230815987245
49,chr1,118508424,118509423,0.4312424801976979,0.9169945772212574
50,chr1,118647424,118648423,2.814123532089633,15.791360808121233
51,chr1,119075424,119076423,3.642490801655541,15.415667070545481
52,chr1,119398424,119399423,2.0474145058295288,6.158638215853453
53,chr1,127783424,127784423,0.5837735498730059,1.7648256664350355
54,chr1,128392424,128393423,1.9335855920844696,2.792027603370561
55,chr1,128859424,128860423,1.0828643794616981,2.1046357257817765
56,chr1,131889424,131890423,4.78467984236622,11.716701439478399
57,chr1,131890424,131891423,5.054691445624634,12.164483801043877
58,chr1,132200424,132201423,2.529765944684903,18.909201397414787
59,chr1,132470424,132471423,5.530289209344615,15.321545759653104
60,chr1,133019424,133020423,1.6752590623828714,15.36854797088877
61,chr1,134534424,134535423,5.100526570513667,19.339233951833357
62,chr1,135174424,135175423,0.4215318087679093,1.286039878698145
63,chr1,135553424,135554423,0.46396926806946226,2.2802246120895466
64,chr1,136570424,136571423,2.472840019712811,12.232224206863645
65,chr1,136627424,136628423,0.5208902894871236,1.142417209147892
66,chr1,136674424,136675423,2.005446093865597,7.185358928112675
67,chr1,136677424,136678423,1.0464748739929504,7.32444857487687
68,chr1,136694424,136695423,3.9248815225875533,6.3748082168775895
69,chr1,136727424,136728423,1.192071485840055,1.1064445194338741
70,chr1,137263424,137264423,0.21739203383078123,0.2697417867452605
71,chr1,139494424,139495423,2.438944203866244,6.620179195453823
72,chr1,140429424,140430423,2.653982935356795,1.9375676918544522
73,chr1,140434424,140435423,0.4111819773737325,1.2559714524403816
74,chr1,151346871,151347870,0.6994341113807954,1.698106703821579
75,chr1,152915871,152916870,3.884500836047628,20.8180129771426
76,chr1,153008871,153009870,2.4487232567834747,20.678218888332125
77,chr1,153375871,153376870,3.9578088767308572,8.504602367299604
78,chr1,154100871,154101870,1.0843426626829942,2.14303809589231
79,chr1,156961870,156962869,0.765169863431418,1.3782545494422953
80,chr1,156994870,156995869,0.8185321849144188,2.4151998267175405
81,chr1,157416870,157417869,0.45543639469850766,1.0376587405196402
82,chr1,160309870,160310869,1.2584633711526418,2.81422840845218
83,chr1,164376870,164377869,1.6743914115627587,10.361156802121062
84,chr1,164491870,164492869,1.2570333624134353,12.252689465039712
85,chr1,166123870,166124869,1.9788334210882013,13.242558312502577
86,chr1,166124870,166125869,2.4054088286051876,18.566140057665585
87,chr1,180887870,180888869,3.1600328785489697,18.305116695587746
88,chr1,180888870,180889869,3.3414885713182394,18.607663633023147
89,chr1,180923870,180924869,1.7968322941963968,5.8050659380617375
90,chr1,180924870,180925869,1.9006294649435342,5.679505447964975
91,chr1,181741870,181742869,0.7650602942787808,0.9180886452604714
92,chr1,181952870,181953869,1.5561716665261238,3.920407581053512
93,chr1,182029870,182030869,3.312869417369294,14.242809073124528
94,chr1,182162870,182163869,1.2801136815619452,1.2905089079525436
95,chr1,186510122,186511121,2.1165444880566584,4.38215308219233
96,chr1,186514122,186515121,2.5228251009064455,6.46303541144061
97,chr1,186922122,186923121,1.8522488006837097,1.6693735144213042
98,chr1,191661122,191662121,1.2339741038665508,2.4363552093265977
99,chr1,192454119,192455118,0.9815821708004728,2.3738064852572562
100,chr3,7579001,7580000,1.625660035660733,4.1939600418297855
101,chr3,9008001,9009000,1.9631411174882762,6.0448089065963915
102,chr3,9009001,9010000,1.9246292448121343,5.871149174657225
103,chr3,9538001,9539000,0.7708292157227209,2.85923665877931
104,chr3,11214001,11215000,1.4540956728627688,7.2899772044487126
105,chr3,17489001,17490000,0.8225935595364743,0.3134887841339424
106,chr3,18624001,18625000,2.5453318915124985,5.574113643071833
107,chr3,19707001,19708000,0.5173536451596679,1.0252200196246237
108,chr3,22025079,22026078,1.0712439863281698,3.8964134759848377
109,chr3,22156079,22157078,2.6561494585685157,9.511233070505332
110,chr3,25127079,25128078,0.4510529731821722,1.0434128698694891
111,chr3,25128079,25129078,0.480720192219993,1.1341842799718234
112,chr3,27154079,27155078,3.049218618777214,29.00073355657414
113,chr3,27155079,27156078,2.337717412649652,19.669146188839395
114,chr3,28841079,28842078,1.5131277370320526,10.532824368103332
115,chr3,28842079,28843078,1.9451446520360007,13.782623862078454
116,chr3,30724079,30725078,3.821048094420868,8.782435305877767
117,chr3,31001079,31002078,1.9092215864373108,4.230415824747771
118,chr3,31054079,31055078,0.873769112286645,2.195388321591815
119,chr3,34646079,34647078,1.3437910936801811,1.65176509284354
120,chr3,34668079,34669078,1.7819089019146441,7.683524307579044
121,chr3,34734079,34735078,1.3570408895930597,2.200492819161104
122,chr3,34735079,34736078,1.3116499159435102,2.293139601371748
123,chr3,34745079,34746078,3.787418291001965,8.426412914975707
124,chr3,34756079,34757078,5.8915726079380715,21.941200914079687
125,chr3,34757079,34758078,6.702484859682975,23.013633885061864
126,chr3,34758079,34759078,4.826246431532886,26.80845115608102
127,chr3,34760079,34761078,4.272589012436095,20.59530789280886
128,chr3,34761079,34762078,4.3529806709817755,14.700194995191016
129,chr3,35270079,35271078,0.33814444441379843,0.4065454392750991
130,chr3,37666079,37667078,0.8771952224017596,2.3834423219975784
131,chr3,41422079,41423078,1.8604765670426506,8.223158233684293
132,chr3,41496079,41497078,1.6481253432977714,12.344549605702197
133,chr3,51128079,51129078,3.215447883266973,9.707157999457678
134,chr3,52254079,52255078,1.8613528437915254,1.604381810517283
135,chr3,53650079,53651078,2.168502668427987,0.960411443683892
136,chr3,54990079,54991078,3.5394130553568215,10.638791754480959
137,chr3,63842079,63843078,1.8304718183843387,0.7737300939310827
138,chr3,65657079,65658078,5.336998805800995,11.175709889520029
139,chr3,68565079,68566078,3.3332874338648373,5.7708818950596426
140,chr3,72858079,72859078,1.081817163840427,0.6555969392855543
141,chr3,73434079,73435078,0.6927097357383885,2.4401166337510807
142,chr3,79039079,79040078,0.972346818041534,1.1911327973450951
143,chr3,81102079,81103078,2.5853329786633283,8.559765714646389
144,chr3,83980079,83981078,1.556725002470157,1.7504202142212595
145,chr3,84020079,84021078,0.5139260334447995,1.2453002719335131
146,chr3,84179079,84180078,0.7366084369202963,1.9910639024788441
147,chr3,84181079,84182078,1.918175159686391,3.274975853633537
148,chr3,86845079,86846078,2.201435967423021,14.228156497699773
149,chr3,86846079,86847078,2.048197686565427,14.991233601299086
150,chr3,88571079,88572078,5.6023928972940995,19.077367046034396
151,chr3,88572079,88573078,6.10011056806974,19.477685818020984
152,chr3,90452079,90453078,1.077165885425886,8.884620889932227
153,chr3,95636079,95637078,0.977609739445234,4.44882003586115
154,chr3,95651079,95652078,3.0668341685143363,30.642178080284193
155,chr3,95652079,95653078,3.615951863670226,29.73745203180563
156,chr3,95653079,95654078,3.265827907827857,23.1221592392267
157,chr3,96574078,96575077,0.8948416049096,7.294281802953735
158,chr3,96675078,96676077,1.8004273693997315,6.644983788334412
159,chr3,97540078,97541077,1.6221705278043101,3.9490200618281928
160,chr3,101124078,101125077,0.4581947032524715,0.362499916263994
161,chr3,101163078,101164077,2.5770083443568375,9.875690907587009
162,chr3,101165078,101166077,2.2586994167863708,11.346228474506201
163,chr3,102190078,102191077,2.1444146768448107,7.3450939300691305
164,chr3,103146078,103147077,2.316138461747132,14.804577896346489
165,chr3,103207078,103208077,3.1240158911536287,22.050937412036767
166,chr3,103208078,103209077,3.6256613365280677,26.160804744573028
167,chr3,103379078,103380077,1.6340052590243184,7.140941713138254
168,chr3,122145083,122146082,4.121039931292551,6.239907641729268
169,chr3,122295083,122296082,0.950969741795219,3.7073613942618997
170,chr3,122434083,122435082,2.667408413043077,14.522708464198494
171,chr3,122938083,122939082,0.672482317896141,4.233132806159576
172,chr3,126449083,126450082,1.3709257380488704,1.9612088483607775
173,chr3,129217083,129218082,0.6430738596984857,1.456512875438765
174,chr3,129544083,129545082,2.3072276156787965,8.931784163736197
175,chr3,129546083,129547082,1.7711495847350653,7.049194938928803
176,chr3,131146083,131147082,0.41834998995259026,0.4420982515304907
177,chr3,133524037,133525036,5.397105514059625,14.873991428693772
178,chr3,133532037,133533036,3.333914379837363,14.593836309664539
179,chr3,133534037,133535036,4.219923961282205,10.67970464473051
180,chr3,135545037,135546036,3.6847363039180956,8.950633277890303
181,chr3,135546037,135547036,5.504476307808209,12.41841015629684
182,chr3,135547037,135548036,5.391698721696125,12.216767785668827
183,chr3,136115037,136116036,1.6908440342351274,0.9309270838625192
184,chr3,137780037,137781036,2.5802581530812345,3.8345121477744426
185,chr3,144600037,144601036,0.6296098714743814,1.6424573521146908
186,chr3,147963037,147964036,1.4456954098827448,1.560294091520309
187,chr3,149219037,149220036,2.0246610840522634,3.8215628670949626
188,chr3,149220037,149221036,1.9763829722753676,3.5358619929965935
189,chr3,153676037,153677036,3.155719530442178,2.222341814289088
190,chr3,157321037,157322036,3.560499125613572,5.253703958357274
191,chr3,157932037,157933036,2.0102084403871876,6.889791303600653
192,chr2,8498374,8499373,0.7607552366072208,0.8690646408580764
193,chr2,10334374,10335373,1.5940492864643634,0.969073528037217
194,chr2,17988374,17989373,3.0668928196920917,12.087665687671711
195,chr2,20495374,20496373,2.608311932198485,9.812413395579583
196,chr2,20496374,20497373,2.430851582344022,7.887842675813012
197,chr2,20654374,20655373,3.630408025503825,17.492622809142134
198,chr2,20655374,20656373,2.909545723556858,14.101655000974631
199,chr2,20669374,20670373,4.9702729187794255,29.67394767091722
200,chr2,21392374,21393373,2.231382067685625,2.956565849192703
201,chr2,26442481,26443480,1.3898636465417413,3.8323322939272617
202,chr2,26458481,26459480,1.8789184296056891,11.72967499165469
203,chr2,26610481,26611480,1.5166038351594266,15.873636438604596
204,chr2,29500481,29501480,2.046908342903301,2.8104747348094636
205,chr2,31161481,31162480,2.742346579083951,21.066080362078974
206,chr2,38781481,38782480,0.48221183357309605,0.5604362483916001
207,chr2,40910481,40911480,1.6331706747378902,1.5610149855600612
208,chr2,44524481,44525480,3.0071828000790033,2.0628537834749086
209,chr2,44525481,44526480,3.1369270758223555,2.231795022459097
210,chr2,51049481,51050480,1.1173958267743591,3.970754241489947
211,chr2,52071481,52072480,5.40328300856148,34.33953070892573
212,chr2,58604590,58605589,1.4949242928975137,2.255559066207677
213,chr2,59053763,59054762,0.7491579899939759,0.5440723193076761
214,chr2,59621944,59622943,1.472947405832908,6.804273269395958
215,chr2,59632944,59633943,1.1788685380224677,6.5127712980148456
216,chr2,59633944,59634943,1.3103746200628628,6.105128291472519
217,chr2,60196944,60197943,2.0092177885130433,3.6062544809912183
218,chr2,65419944,65420943,3.7985896794848495,6.48980191672806
219,chr2,65420944,65421943,3.6332926128441008,9.436677952123508
220,chr2,65421944,65422943,3.696579342431393,10.91277204216456
221,chr2,65847944,65848943,0.8423145864853545,0.6550018130553699
222,chr2,69047944,69048943,2.082511182620503,11.570974210353597
223,chr2,70277944,70278943,2.7359042093232104,3.7969451133457235
224,chr2,70278944,70279943,2.627773761478469,3.3248428658881455
225,chr2,71350944,71351943,1.4287152327521682,6.194648226590305
226,chr2,71650944,71651943,1.3875073540744847,3.318665038003566
227,chr2,71651944,71652943,1.2131906328906492,3.516618086415105
228,chr2,71865944,71866943,2.809561234981099,5.298356971047612
229,chr2,71866944,71867943,2.8966050356535207,6.57909094415332
230,chr2,74122944,74123943,0.5090342072589088,0.4622042089194787
231,chr2,74176944,74177943,0.31197509250686856,0.1318210145741202
232,chr2,75860944,75861943,0.9609152060893812,2.3015097413290246
233,chr2,83632844,83633843,0.33845712704494746,0.29952472872065683
234,chr2,87480844,87481843,3.401873419290737,11.270369696574706
235,chr2,92143844,92144843,1.421726580021969,0.8617945077875795
236,chr2,93926844,93927843,3.898378357347058,16.118222885845643
237,chr2,93927844,93928843,4.0571957073641265,17.971789592542223
238,chr2,102120844,102121843,1.8660506800659373,3.7476975077773935
239,chr2,104817844,104818843,1.1484974443805034,5.964336795242443
240,chr2,106560844,106561843,0.9173562113123699,0.8059068109791672
241,chr2,106750844,106751843,1.2265788042405021,1.3515979455032143
242,chr2,109942844,109943843,1.4846853226541548,1.549743237197868
243,chr2,112675844,112676843,1.9016489827055347,3.9978176383229935
244,chr2,112676844,112677843,1.8890687691774946,4.336892139705386
245,chr2,115723265,115724264,2.850764370911446,7.46026641736142
246,chr2,116977265,116978264,1.3684565859859439,3.462297359084155
247,chr2,116978265,116979264,1.0760073329599822,1.946749208895128
248,chr2,116979265,116980264,1.3022034738291126,1.8045697339254543
249,chr2,119789265,119790264,0.9100672152710226,3.4705888091836496
250,chr2,119857265,119858264,2.287801887018965,9.366376380732163
251,chr2,124145265,124146264,1.3470011103977526,1.2519894279938748
252,chr2,128240265,128241264,0.6734745908665675,1.3329671715797458
253,chr2,129178265,129179264,1.407342733684509,3.7918689563626296
254,chr2,129245265,129246264,1.4928161989096742,4.670971247720812
255,chr2,129798265,129799264,2.2612314167784335,4.117699747196519
256,chr2,131882265,131883264,0.5559239717535003,1.2421793467513549
257,chr2,131883265,131884264,0.5208702452542914,1.2714248060312396
258,chr2,132270265,132271264,0.4214514544441333,1.2117830756162662
259,chr2,134960265,134961264,1.2395875876257083,0.8323626092867643
260,chr2,135072265,135073264,1.420171188759525,1.3893407180073234
261,chr2,135559265,135560264,2.139547339944122,16.455010389431468
262,chr2,135614265,135615264,4.365616498002261,8.29077063445873
263,chr2,135656265,135657264,1.1077347066026288,6.435713419928449
264,chr2,144715265,144716264,2.1955081042251625,6.544125941326753
265,chr2,146299265,146300264,0.6215477573014109,1.0627641341718423
266,chr2,146300265,146301264,0.7475314983992037,1.4353671672327288
267,chr2,146301265,146302264,1.2546697779377194,1.6308229952704578
268,chr2,146630265,146631264,3.181352997179286,6.9318470532400545
269,chr2,146631265,146632264,2.9674413404676274,6.156629104798035
270,chr2,149798265,149799264,0.7684613843545781,0.5921883126876129
271,chr2,149983265,149984264,3.0828655617789855,9.508590133589859
272,chr2,150657265,150658264,2.6933503959333254,9.12781169957051
273,chr2,152177265,152178264,2.4459960364818527,10.708272879166964
274,chr2,152792265,152793264,0.9844780133857303,7.238858843376765
275,chr2,154423265,154424264,1.9211643427146659,14.370777265164806
276,chr2,154426265,154427264,5.4214785530403455,23.244732880414816
277,chr2,154427265,154428264,5.813914130342431,24.185587597381545
278,chr2,154428265,154429264,3.495900619739305,18.092713539772774
279,chr2,154465265,154466264,2.042037247491977,4.592934478788612
280,chr2,154893265,154894264,2.218573175642851,30.489016330832975
281,chr2,156690265,156691264,1.0979904913287823,2.0394920213571477
282,chr2,157376265,157377264,4.657390254923263,23.32100075469711
283,chr2,159418265,159419264,0.825722463696011,0.48910940634607775
284,chr2,160471265,160472264,0.5689468971430903,0.4743974801174301
285,chr2,160656265,160657264,2.608813473781098,11.592063637617061
286,chr2,163031265,163032264,3.5833081821211423,16.636134193271115
287,chr2,163051265,163052264,3.938088488285678,16.65479994530657
288,chr2,163052265,163053264,4.398411111093728,20.36310577178504
289,chr2,165968501,165969500,3.0369749961255024,23.29639410534516
290,chr2,165969501,165970500,2.7915865405934643,22.819622427143674
291,chr2,165980501,165981500,1.8296924602233862,13.977661442868438
292,chr2,166156501,166157500,4.731285502968254,26.527349129277468
293,chr2,166193501,166194500,2.600464590524031,8.619860371451882
294,chr2,167058501,167059500,1.9241552822726549,6.562399250990567
295,chr2,167144501,167145500,1.0161971586697627,0.7279224095091025
296,chr2,170771501,170772500,3.878544509022256,2.1701398298273
297,chr2,171230501,171231500,3.1688217058972006,7.835142362109233
298,chr2,171278501,171279500,1.3253294605452952,2.510259245076376
299,chr2,172516501,172517500,2.5192270081491066,5.656605489127247
300,chr2,172520501,172521500,1.6447093542706661,7.4371983357676426
301,chr2,172544501,172545500,1.740026163825495,2.296693573327973
302,chr2,174260500,174261499,3.158402572860633,12.354673782074862
303,chr2,181918296,181919295,1.2920899833914292,3.0978223488472443
304,chr2,181932296,181933295,0.24843795312422978,1.0100326584401962
305,chr5,14002001,14003000,0.5201173539925756,0.5121348055645782
306,chr5,18688183,18689182,2.980628912187955,9.97500473419482
307,chr5,25554183,25555182,3.462347438640059,14.579825002149287
308,chr5,26691461,26692460,0.9436196711315363,1.0647845928730684
309,chr5,32437628,32438627,0.1950457474333072,0.46373909684810444
310,chr5,33535352,33536351,4.436232032266122,35.66637122378189
311,chr5,38588762,38589761,0.45504384008118565,1.3065230019017722
312,chr5,50122762,50123761,3.170639631880017,6.642022324460512
313,chr5,53541762,53542761,2.306091803467078,10.141395963285516
314,chr5,53670762,53671761,3.1041076003075525,11.83387939269798
315,chr5,63574762,63575761,0.9585589783217734,1.9338551307653349
316,chr5,63930762,63931761,3.6796526684408577,10.497989072467293
317,chr5,64499762,64500761,0.7833810660607887,2.4289643267780274
318,chr5,64647762,64648761,1.7213912474937545,4.237884658901874
319,chr5,64864762,64865761,2.720360367392817,11.71620145219539
320,chr5,72464762,72465761,2.60957746640568,1.8816809016288762
321,chr5,72901762,72902761,4.611149831475671,8.382295820869306
322,chr5,74799976,74800975,0.3494363986425236,0.34262436402623914
323,chr5,76321976,76322975,2.6384622374505065,4.287862763257853
324,chr5,92111975,92112974,2.78463447344167,5.735829100579073
325,chr5,97202982,97203981,1.9327274031674553,3.9890675998527727
326,chr5,97217982,97218981,0.5895500602319442,0.22963246692035244
327,chr5,102904982,102905981,0.8471987136345014,0.8245602934756147
328,chr5,103723982,103724981,6.669013753371655,16.194334286349957
329,chr5,103725982,103726981,2.2472757524721776,10.925221195480022
330,chr5,103734982,103735981,3.1387351603802918,8.989620160526083
331,chr5,104432982,104433981,2.686390810021789,9.068112023519268
332,chr5,104433982,104434981,3.04294445627439,13.681041893508363
333,chr5,106772982,106773981,0.6285259183002586,0.9419262142116273
334,chr5,106773982,106774981,0.6675260159737587,1.0406059380471222
335,chr5,108076982,108077981,5.38631805613492,17.676628111354088
336,chr5,110226982,110227981,3.3494456676409796,2.6979188525050137
337,chr5,110436982,110437981,3.06584374479619,13.700778557945677
338,chr5,110468982,110469981,3.7161553226970963,26.66268031151254
339,chr5,113329981,113330980,3.2753723880950028,13.382936126825493
340,chr5,113597047,113598046,0.9489567018356413,1.8305461748550405
341,chr5,117395992,117396991,2.0532414012162272,10.941355000000906
342,chr5,118433992,118434991,2.7872615937038008,10.710167190480979
343,chr5,118435992,118436991,4.459533210205384,16.450568610075052
344,chr5,118444992,118445991,6.080079186281569,17.154285670232337
345,chr5,118448992,118449991,1.3766612772871905,10.406069733647774
346,chr5,119584992,119585991,6.1646611830360465,14.306016963330022
347,chr5,122190992,122191991,2.074242008379954,8.625194897940714
348,chr5,122268992,122269991,2.097995407624474,6.761868610083691
349,chr5,123157992,123158991,2.7705599320381866,4.250501639952392
350,chr5,129242126,129243125,2.9173872079478547,6.7483525148535355
351,chr5,129270126,129271125,2.9366200759135994,3.6677200752105827
352,chr5,134941131,134942130,4.220369882660726,14.828389481652916
353,chr5,134970131,134971130,0.7935105780710046,1.3388687463211348
354,chr5,137046131,137047130,1.5826314059570838,6.465041199494559
355,chr5,139167047,139168046,1.96916456975803,13.878774357391352
356,chr5,142803322,142804321,1.0539495054592027,5.116415188050945
357,chr5,144912132,144913131,1.0755818080681654,4.48568292309162
358,chr4,6968854,6969853,3.217173259458291,1.5925989961676954
359,chr4,10398854,10399853,1.8123557659126526,5.707380616860905
360,chr4,10931854,10932853,3.3785644627579865,12.298737655156334
361,chr4,12662854,12663853,1.6883437053995218,0.8089674851429952
362,chr4,13095854,13096853,2.2822539412403753,3.862848591964335
363,chr4,22046854,22047853,0.7245701224646599,2.714678485659096
364,chr4,28966851,28967850,1.8610520041397842,1.0305500900374878
365,chr4,33338026,33339025,1.063059651564862,3.8685533315472957
366,chr4,33340026,33341025,0.3922015604093853,1.2637432381333018
367,chr4,33514026,33515025,0.5224622366073853,0.8387891341167781
368,chr4,33823026,33824025,1.19105581285088,0.8854137209122923
369,chr4,34558752,34559751,0.8335114201374507,1.965798052191685
370,chr4,45771129,45772128,4.360428290905902,4.373445130328132
371,chr4,53339129,53340128,2.8493283214069804,17.11715402669028
372,chr4,53789129,53790128,1.2423583357662018,0.8715783673404481
373,chr4,53952129,53953128,1.2762936624879475,4.122452799646051
374,chr4,55463129,55464128,2.456341906875056,10.795071402782055
375,chr4,55464129,55465128,2.755831597013758,12.6402914104029
376,chr4,55475129,55476128,5.083128204363435,22.57574013749613
377,chr4,55476129,55477128,6.639135439369206,23.81558726584882
378,chr4,55477129,55478128,4.541139065045207,29.63278778069136
379,chr4,57690129,57691128,2.2393251129080993,4.952916026729265
380,chr4,57920129,57921128,4.880482772036773,12.263013965795933
381,chr4,59558129,59559128,1.327479898613918,3.5057985650603642
382,chr4,62248967,62249966,1.6822571722534234,3.455204741368667
383,chr4,62256967,62257966,0.49578967410398994,0.22147125702194503
384,chr4,66329967,66330966,0.9653636506709942,0.905182807185851
385,chr4,82430097,82431096,1.7984601629589059,1.5159413660074248
386,chr4,82447097,82448096,0.7292271287330648,0.8904293396156829
387,chr4,82543097,82544096,0.5147342960603216,0.490337546361851
388,chr4,83329097,83330096,3.943179615811292,10.919155514144625
389,chr4,83330097,83331096,3.113623092628044,9.309559308751789
390,chr4,83489097,83490096,0.7102334519515728,0.9787255458066703
391,chr4,84528097,84529096,1.063218756856103,0.721010445301169
392,chr4,84662097,84663096,3.027274504929922,4.591890569402014
393,chr4,85164097,85165096,0.5986109375964572,0.8976754247427012
394,chr4,86183097,86184096,1.4984361402677653,5.011139809600886
395,chr4,86241097,86242096,2.6490019133797342,1.0107144748192627
396,chr4,98738310,98739309,0.8044114697920735,1.957196339824702
397,chr4,98847310,98848309,4.2846760952858345,15.518145880435469
398,chr4,99635310,99636309,7.444255517179206,7.9772212428428775
399,chr4,99641310,99642309,2.249145831127495,3.032168165175184
400,chr4,99642310,99643309,2.2201432389844666,2.3659352770725075
401,chr4,105322396,105323395,0.7458558228427108,0.7587929904791887
402,chr4,105460396,105461395,1.5870888470283782,4.684659546191498
403,chr4,106859396,106860395,2.1827813026381078,13.291131939291365
404,chr4,108182396,108183395,1.9910462241145954,4.313915933780442
405,chr4,108218396,108219395,3.8277689952175544,25.66456195424762
406,chr4,110311396,110312395,1.0742402016922374,1.934028045979558
407,chr4,116725396,116726395,1.8594173062666788,5.471602253137621
408,chr4,116781396,116782395,1.3165585078061155,4.08024347426711
409,chr4,117413396,117414395,2.330760083707519,7.1789673852838645
410,chr4,119025396,119026395,1.8670730185896787,3.3340062117607396
411,chr4,119026396,119027395,2.01795282687801,3.6507808328917672
412,chr4,119071396,119072395,3.457461144514554,18.812341271263875
413,chr4,123623758,123624757,3.38418729840385,13.37862852659003
414,chr4,123632758,123633757,1.2166756791826527,5.742236020141558
415,chr4,123634758,123635757,1.347533127183252,6.039762271748077
416,chr4,123665758,123666757,2.084444435390437,25.435705706142
417,chr4,127226757,127227756,3.054726413723552,3.4258562116451885
418,chr4,127344757,127345756,4.023530190056297,17.800150238534762
419,chr4,129050757,129051756,2.539082230767197,11.071846134547183
420,chr4,130631086,130632085,0.9128219047818538,6.888316845716362
421,chr4,130639086,130640085,3.849724723198263,32.98082664553371
422,chr4,130640086,130641085,3.816193401320992,29.036966587770802
423,chr4,131126086,131127085,2.0180904255005836,4.057657813883445
424,chr4,132649086,132650085,1.784711292111236,7.564982640009267
425,chr4,133122086,133123085,2.595167767428609,8.412895912666784
426,chr4,133442086,133443085,2.0510042942532034,13.985564667480194
427,chr4,133660086,133661085,3.1284054006166113,8.889476991908122
428,chr4,135581086,135582085,2.388224390552071,6.625158987971994
429,chr4,137597086,137598085,2.9376971519143598,16.27623194094171
430,chr4,138322086,138323085,0.6710882123188814,0.9939464789179429
431,chr4,138445086,138446085,1.541612294960663,3.0345154708089046
432,chr4,138794086,138795085,3.8159743377245903,13.521717081979597
433,chr4,141282086,141283085,2.4410221463760875,21.613962225304796
434,chr4,141284086,141285085,3.4224399212974497,24.09785810021009
435,chr4,141291086,141292085,2.937628830073695,16.813386115853177
436,chr4,141565086,141566085,4.913408278152192,14.615906775325339
437,chr4,141569086,141570085,3.061438714916542,10.490395560554177
438,chr4,141570086,141571085,3.8107192622652697,17.12750202151886
439,chr4,142070086,142071085,5.0295511907883235,24.828475476516623
440,chr4,142166086,142167085,2.4014151474717407,11.493368071106866
441,chr4,142171086,142172085,2.326160553697626,21.427828274578093
442,chr4,142235086,142236085,1.2472584068997508,2.8522195333540634
443,chr4,148599892,148600891,1.0660644403710255,2.4518681267724727
444,chr4,155189892,155190891,1.0257512222199,4.785828984468658
445,chr6,4980001,4981000,1.6512572472065359,2.0339143543445135
446,chr6,5019001,5020000,5.831580661001117,6.59736166193171
447,chr6,5119001,5120000,2.4889821767156364,9.610765461383275
448,chr6,6140001,6141000,3.6753550995198183,12.491784957618398
449,chr6,7753001,7754000,2.5221270505477493,1.8010146343986864
450,chr6,8345001,8346000,0.3603552337556951,0.8107467524713858
451,chr6,23830001,23831000,1.4293777100954559,0.7784351273324596
452,chr6,30159001,30160000,0.8232922963463611,1.790919765703466
453,chr6,30272001,30273000,3.614708201702563,11.996977371652486
454,chr6,31371001,31372000,3.3515365161537014,20.734389822081347
455,chr6,31897001,31898000,3.262331327929383,10.934644061909555
456,chr6,33770001,33771000,2.7433207998554403,4.894982869671938
457,chr6,34344001,34345000,2.1281182888304198,3.549328384994705
458,chr6,35236001,35237000,2.351873722301643,5.878156160290907
459,chr6,37658001,37659000,2.015751673363751,6.476125634330664
460,chr6,37689001,37690000,4.330367740419567,12.465220393240614
461,chr6,37857001,37858000,3.4680741545976552,6.990210282217523
462,chr6,39430002,39431001,1.697651846161019,4.417355526264165
463,chr6,39445002,39446001,4.500850354942062,14.203369757735807
464,chr6,39446002,39447001,4.856356488827302,13.66054618986089
465,chr6,52077002,52078001,1.5020882507291595,2.3604703995917067
466,chr6,52078002,52079001,1.676405074352101,2.804880393488728
467,chr6,52106002,52107001,3.1989981229407305,5.215254154900875
468,chr6,53201007,53202006,0.6477457316160622,1.909831140013434
469,chr6,54097007,54098006,4.7461494508037445,11.791388204295842
470,chr6,54855007,54856006,2.578190746775682,4.339844109517413
471,chr6,55792007,55793006,2.979617410473207,4.167635178660432
472,chr6,61431007,61432006,2.4142987468971855,2.0331752252680784
473,chr6,65021007,65022006,4.106984177587508,24.558561398509024
474,chr6,65022007,65023006,5.105937532360692,26.271168676835973
475,chr6,65023007,65024006,5.9917751638124725,23.374354075563208
476,chr6,65024007,65025006,4.606517316057105,20.98018226258494
477,chr6,65796007,65797006,1.1237478182278509,2.709598100307818
478,chr6,67111007,67112006,2.352543238769699,5.523598722770366
479,chr6,67112007,67113006,3.229642392354879,9.198885727210165
480,chr6,67146007,67147006,1.056419283847473,2.366992338002572
481,chr6,71085007,71086006,0.44087012141081106,0.2683152139748746
482,chr6,72787007,72788006,4.698281267193923,28.26021718170732
483,chr6,72808007,72809006,1.1268857814980813,2.348883337500504
484,chr6,72926007,72927006,1.4416484512599506,5.341926242006623
485,chr6,72927007,72928006,1.3673701106414864,6.2803926673984165
486,chr6,77604007,77605006,0.3471205866451616,0.3178405187135309
487,chr6,80590007,80591006,0.5509070356760132,0.43465873758563656
488,chr6,82175007,82176006,2.441967932909909,1.7994564049655695
489,chr6,82703007,82704006,4.249650498959849,27.612369444167605
490,chr6,83050007,83051006,0.8714915588246608,1.3983629806807785
491,chr6,83890007,83891006,3.386599920769359,16.912355990550694
492,chr6,91710007,91711006,2.0999690743834822,11.275696202826827
493,chr6,92246007,92247006,4.750335329414938,5.872579169989428
494,chr6,92495007,92496006,5.23591095499363,10.885392978767829
495,chr6,92843007,92844006,1.731638440527728,5.185393931907629
496,chr6,97102007,97103006,3.1167634602111534,4.723761187113805
497,chr6,97521007,97522006,0.7179002719184211,0.6814607861148095
498,chr6,100378007,100379006,5.4892096359759925,19.846310277782536
499,chr6,108258007,108259006,0.9141507128583771,0.8810456812650395
500,chr6,122340983,122341982,7.062881150540306,18.448739318753915
501,chr6,122341983,122342982,4.956009669688742,11.59297244926209
502,chr6,122365983,122366982,1.4967400904409298,4.053421249526505
503,chr6,122701983,122702982,4.567053584344648,21.874987189353227
504,chr6,122765983,122766982,5.329280357261843,17.379101226343394
505,chr6,122769983,122770982,2.728048123130197,14.476496784636687
506,chr6,125432983,125433982,4.8342225811178094,26.564225650013796
507,chr6,125503983,125504982,1.86010395806326,2.886842972170647
508,chr6,128260983,128261982,1.450476098263735,2.462951661314683
509,chr6,128281983,128282982,3.1715609912088225,9.788873081150472
510,chr6,128295983,128296982,1.6457207885982745,6.76863668043062
511,chr6,129363983,129364982,1.0659835572508831,0.5283879147448788
512,chr6,133986983,133987982,3.2154959382839983,4.276009806847708
513,chr6,136468480,136469479,3.4379537704494947,18.555015393812127
514,chr6,136489480,136490479,2.3289144965402957,11.73230760323337
515,chr6,140605480,140606479,3.92002906101739,13.970798645819984
516,chr6,142511481,142512480,2.5180613850305877,3.3700776081116364
517,chr6,142961481,142962480,1.5746098061408138,5.08644289977177
518,chr6,143141481,143142480,4.142834250746996,11.982183456903487
519,chr6,143142481,143143480,4.075270055775233,14.132569693998244
520,chr6,144361481,144362480,3.8291334760984523,2.2883242458413524
521,chr6,145275481,145276480,4.175344675245166,10.13828327270712
522,chr6,145276481,145277480,3.83007166236121,9.267222514505063
523,chr6,148991479,148992478,3.3007216212090986,15.666178865720243
524,chr6,148992479,148993478,3.4201582305579317,18.54665372248939
525,chr6,149130479,149131478,4.467630069652228,3.0656015718258476
526,chr6,149131479,149132478,4.286396439961798,2.5737287411988086
527,chr7,3193000,3193999,2.3607677447117674,8.746432719185648
528,chr7,3201000,3201999,3.0165538250083217,19.82201506180283
529,chr7,3204000,3204999,2.5154365412210287,16.3388121753265
530,chr7,3206000,3206999,2.7820768416509334,16.447147161512184
531,chr7,3210000,3210999,1.840280028757076,19.702245100203168
532,chr7,3212000,3212999,3.29088584446673,21.152063201596846
533,chr7,3213000,3213999,3.1585664176632315,21.256304899078312
534,chr7,3347899,3348898,4.18600642112035,16.95655354684497
535,chr7,3586401,3587400,0.9327703349483529,2.815653903483711
536,chr7,4820399,4821398,2.9407945758354024,16.579472730766515
537,chr7,4902399,4903398,1.9529919320028772,4.808581857034944
538,chr7,6760290,6761289,0.9112993637490324,0.7567547787528413
539,chr7,13013652,13014651,3.7794156514568966,17.378247364312845
540,chr7,13014652,13015651,4.201512679822138,15.845463998708231
541,chr7,16364652,16365651,3.1814308489764587,3.986964395033454
542,chr7,24459982,24460981,2.037082487664892,9.600461917523363
543,chr7,25263982,25264981,2.4172282077957408,8.903514509875214
544,chr7,25302982,25303981,0.673647341358268,0.6165107966731049
545,chr7,27646982,27647981,2.246392124183549,9.23058471052654
546,chr7,30462982,30463981,1.096797585902548,4.277925898171912
547,chr7,30463982,30464981,1.6241702552653388,7.216952364679511
548,chr7,38027982,38028981,2.7555069221458446,8.872321571817613
549,chr7,38028982,38029981,3.0532698625821086,10.049832589792612
550,chr7,38029982,38030981,1.882436508848632,7.854380836987906
551,chr7,45551631,45552630,2.6936647244677903,12.536068407577655
552,chr7,49346631,49347630,1.1920417962687655,2.217479319015344
553,chr7,49448631,49449630,1.4347707165144519,3.1896489725723733
554,chr7,63948115,63949114,1.4803224733910971,4.404207508031509
555,chr7,65873115,65874114,3.032881999959053,11.8412874531697
556,chr7,79211115,79212114,2.6193065405084535,12.818582472227009
557,chr7,80015115,80016114,2.985163730040833,13.34247380151639
558,chr7,80130115,80131114,4.212083421895847,20.82670788562578
559,chr7,80221115,80222114,1.3584681796933058,4.777484254593404
560,chr7,80746115,80747114,2.5252311564677554,6.776987896338149
561,chr7,82785491,82786490,0.8428022808601922,3.1361651852207237
562,chr7,83376491,83377490,0.5787542889096514,0.45437512340400765
563,chr7,89975491,89976490,3.0254640123835745,9.169065358597068
564,chr7,95479491,95480490,1.3149482732163578,1.4615570538591691
565,chr7,96215491,96216490,0.6520920477426021,1.4639663397504314
566,chr7,96244491,96245490,0.6175443995241237,2.980028357082972
567,chr7,97429491,97430490,2.049006906129933,8.544947592241247
568,chr7,97804491,97805490,1.4008445761687185,2.206000724671874
569,chr7,100699487,100700486,1.4683577391807618,4.776559279760811
570,chr7,102199487,102200486,1.1799787202571466,3.11834617104816
571,chr7,107236487,107237486,2.8136747494836167,8.416727325093559
572,chr7,107348487,107349486,1.5002779588811297,1.0084796600136108
573,chr7,111337487,111338486,0.16695340614986864,0.36850257843194695
574,chr7,112688487,112689486,3.61388195074921,16.609085990719155
575,chr7,114740487,114741486,1.0629300780263669,2.8689661266695525
576,chr7,118118487,118119486,1.2244172059036158,4.2345235525292795
577,chr7,118827487,118828486,0.6189683269316991,3.0421328803488152
578,chr7,119898487,119899486,2.3813307331748534,5.38648447907943
579,chr7,120157487,120158486,2.8940044157678426,3.555892964609056
580,chr7,127223487,127224486,4.468559331516805,18.936604587082837
581,chr7,129420487,129421486,4.00056802670682,16.682592713642677
582,chr7,130251487,130252486,0.9841466399809179,1.1080258607968965
583,chr7,130600487,130601486,2.082709168045627,7.729968805188522
584,chr7,130887487,130888486,0.5210174206684192,0.8581617626755141
585,chr7,133064318,133065317,0.5950215726791491,1.1432486836777604
586,chr7,133095318,133096317,0.7825340995850547,1.9868042382311688
587,chr7,133112318,133113317,2.1796732864120214,12.953535839742077
588,chr7,133114318,133115317,3.7340571022888533,17.84011419106286
589,chr7,138856318,138857317,1.1782186689471854,4.181534530338817
590,chr7,139949102,139950101,1.3408688595949085,6.765516116431752
591,chr7,140958102,140959101,2.688778584996132,8.058718517526684
592,chr7,140959102,140960101,3.611358819897015,9.372217119208184
593,chr7,140962102,140963101,2.017759458129724,6.451991356071855
594,chr8,4366001,4367000,0.7964318723505396,0.7199877691532633
595,chr8,12050001,12051000,1.1479586108608135,1.9150756898401489
596,chr8,14015001,14016000,4.245423479635978,20.716360472750935
597,chr8,15844001,15845000,1.3265137525852722,2.359537985417689
598,chr8,17576001,17577000,0.8335882654564186,0.8066403151147525
599,chr8,18480001,18481000,2.57466496679335,6.93530278112104
600,chr8,23561529,23562528,2.328101216284411,6.905730371500907
601,chr8,24570529,24571528,0.8710245836078617,2.6326630250336547
602,chr8,27235529,27236528,2.461454716581222,13.48963380425935
603,chr8,34726947,34727946,1.4037086067924098,1.497621346229347
604,chr8,36547947,36548946,2.729142538165564,14.42249053648684
605,chr8,36549947,36550946,2.843890905911918,12.30379994760925
606,chr8,43290647,43291646,1.4776632638785216,0.8791527357837587
607,chr8,43320647,43321646,0.7154121259226206,1.2411244790020104
608,chr8,44978647,44979646,4.6239325557464745,5.956162715313351
609,chr8,47337647,47338646,1.6004920642400926,6.918749099644933
610,chr8,48728647,48729646,1.930830557573323,6.358955533678281
611,chr8,48751647,48752646,3.965917266496464,2.940186338205871
612,chr8,54075647,54076646,2.5484937487610364,16.00258104503034
613,chr8,56218204,56219203,3.1784955769938126,5.54507465867941
614,chr8,63929204,63930203,2.041401830001927,6.032267295546939
615,chr8,65208102,65209101,1.016363053919971,0.7988795150114106
616,chr8,72311102,72312101,1.6431562382101643,5.008431308934675
617,chr8,72334102,72335101,3.897460871984317,20.463805455483744
618,chr8,73336102,73337101,1.0909283968968428,2.028782592238314
619,chr8,78068102,78069101,3.262361487910748,8.493834677515471
620,chr8,78493102,78494101,1.1916139703328892,2.326626547192765
621,chr8,83160102,83161101,1.403442495908625,2.102208344837522
622,chr8,84022102,84023101,2.015705884929844,5.570387047059855
623,chr8,84650102,84651101,2.338414647824254,12.727287519102035
624,chr8,85473102,85474101,3.5171533568403293,18.43974692742339
625,chr8,86775102,86776101,1.5667072200777794,3.5215414697678358
626,chr8,86888102,86889101,2.2581054927568243,16.69185939172798
627,chr8,88991102,88992101,2.017862497731174,4.312394132503804
628,chr8,89003102,89004101,4.212845164328619,11.681788104912547
629,chr8,89067102,89068101,1.6182472659530662,4.066873461702549
630,chr8,90904102,90905101,1.3048866195761022,2.684113370841654
631,chr8,105233101,105234100,3.5558883905275067,10.027444033378266
632,chr8,106963101,106964100,1.910014332312187,6.173696666457412
633,chr8,107287101,107288100,2.0994678224613623,1.6990426373496315
634,chr8,111613101,111614100,2.1365385848472265,3.6645744379699594
635,chr8,111649101,111650100,2.3150754768892576,3.72488851559073
636,chr8,111650101,111651100,2.0925367466876366,5.220932194404892
637,chr8,111789101,111790100,1.9070803789563746,2.9956809288129045
638,chr8,116673101,116674100,4.772473444506649,27.311723753238123
639,chr8,117344101,117345100,1.2126492308485624,4.068679445753729
640,chr8,117463101,117464100,0.5948203515258753,0.5105638960493453
641,chr8,118796101,118797100,0.689828935047059,0.8792345749276415
642,chr8,120671101,120672100,1.391298071294971,2.4941319127579007
643,chr8,123023101,123024100,0.6327697420291071,2.107121977002491
644,chr8,125504101,125505100,0.5183338297365337,1.3213457160210493
645,chr8,125700101,125701100,4.131846589831668,14.397998088153035
646,chr8,125702101,125703100,1.2462813978284164,8.620277993720045
647,chr8,126557101,126558100,0.3353955176940724,2.4514879370562563
648,chr9,7634001,7635000,1.1622610354254825,0.8949966941498071
649,chr9,8463001,8464000,0.9347571689566879,1.6017672556630673
650,chr9,10449001,10450000,1.9987852373034574,8.42577519825151
651,chr9,17874557,17875556,2.8448869276982305,3.2397773021168317
652,chr9,18721557,18722556,2.011495281880511,2.2885099323760976
653,chr9,18722557,18723556,1.8419882644556989,1.6327606275019928
654,chr9,20627557,20628556,0.2546881405487949,0.4051323274263094
655,chr9,20977557,20978556,2.5870233409272725,10.890550006202796
656,chr9,20982557,20983556,0.6367613991586375,4.606687903700218
657,chr9,21767557,21768556,3.3037111125902605,10.524956166834752
658,chr9,24160557,24161556,2.310097454844825,1.0492187262702812
659,chr9,31018416,31019415,4.748800254520957,17.53609495448135
660,chr9,32094416,32095415,2.7852328924936494,12.17764217531933
661,chr9,32095416,32096415,2.686511804660644,16.269595936815612
662,chr9,40792918,40793917,1.8286486927192316,11.0438892476474
663,chr9,42173918,42174917,1.3103980943867484,1.2300999766980234
664,chr9,43131918,43132917,1.562466934241174,4.379513395441831
665,chr9,44594918,44595917,1.3446233882947254,4.461334576361578
666,chr9,45348918,45349917,5.302471245810206,8.345078295988525
667,chr9,45349918,45350917,4.774268511108909,7.3076175249646145
668,chr9,49750896,49751895,1.9073513195478387,3.837238019175896
669,chr9,55212194,55213193,0.6052181043752001,4.706641735499119
670,chr9,55598194,55599193,2.0957227439283934,0.7031885701880827
671,chr9,56547194,56548193,1.4161732305440713,4.437669883056492
672,chr9,58272194,58273193,2.349737912295287,16.00277634241524
673,chr9,58278194,58279193,5.8964532576813244,19.26046812422906
674,chr9,58279194,58280193,6.838388843134557,20.29176344043926
675,chr9,65619194,65620193,2.620789237929708,7.345626118814402
676,chr9,67208194,67209193,1.4615668387277587,4.59188473184549
677,chr9,70817194,70818193,2.076579520796473,5.260944301635682
678,chr9,74997194,74998193,1.2257096999708899,4.221801778595506
679,chr9,77616194,77617193,1.0847482023532582,1.1224061461222778
680,chr9,77759194,77760193,0.8022308610281905,1.4677811950726296
681,chr9,78359194,78360193,2.3782239407166124,8.123481053926827
682,chr9,78364194,78365193,2.276590212702516,11.941113451867775
683,chr9,78371194,78372193,1.8604655512772614,17.09313640442562
684,chr9,78374194,78375193,4.485203357342575,21.631818608024773
685,chr9,88332163,88333162,2.5171538161635336,2.709467160614618
686,chr9,92260163,92261162,1.3115503579814298,2.8104747918032706
687,chr9,96229582,96230581,1.416795566545352,3.284471246825695
688,chr9,99419582,99420581,3.059543671329322,13.074318179585743
689,chr9,110947497,110948496,4.7274845802932175,25.50973095092848
690,chr9,110952497,110953496,2.705248782628712,27.946650418949144
691,chr9,113192883,113193882,0.8564000348491223,0.6459579331223486
692,chr9,114583883,114584882,3.7626586247685894,11.33848912607424
693,chr9,118537883,118538882,2.5778314011108567,3.054495088692147
694,chr9,120148883,120149882,2.9514596483763555,5.856847425142931
695,chr9,120679883,120680882,3.10360758731041,8.21331249372407
696,chr10,3646540,3647539,1.4601443186018161,1.5013138782709874
697,chr10,4107540,4108539,1.4504221843009844,6.890601819847423
698,chr10,4124540,4125539,1.431759313624096,4.508240558176803
699,chr10,4492540,4493539,1.5727334461632188,1.6708682805970585
700,chr10,5322540,5323539,0.42075384744074273,0.24770154895250018
701,chr10,9085203,9086202,2.0042830324205907,1.8427347104076308
702,chr10,12572203,12573202,1.2483938580881762,1.4452266539117524
703,chr10,12608203,12609202,2.2287446142069025,3.77915488928957
704,chr10,17576195,17577194,2.3703534702025926,10.403396433085542
705,chr10,17579195,17580194,2.3823937327818254,9.225985933836197
706,chr10,18418195,18419194,1.1494246603394678,3.1611473746354988
707,chr10,18422195,18423194,0.9839613220576563,1.5125502549286545
708,chr10,19208195,19209194,2.6208618122482386,5.21760340942537
709,chr10,19891195,19892194,0.5208298126808455,0.7962905717707576
710,chr10,21101195,21102194,4.240303641585861,6.631355521376762
711,chr10,21102195,21103194,3.9864934602098883,5.405088095638087
712,chr10,21701195,21702194,1.6834352468520093,0.522843376838162
713,chr10,21746195,21747194,1.6847544577531133,1.310622602694051
714,chr10,21829195,21830194,3.0458782977407712,13.885204401980419
715,chr10,21845195,21846194,2.545876133448352,15.782367751527477
716,chr10,21848195,21849194,2.7919186246371153,16.132271178770896
717,chr10,21849195,21850194,1.4656124067495442,11.65470514225554
718,chr10,21988195,21989194,2.8857499077930764,11.103422773298162
719,chr10,25313195,25314194,2.317682819417666,5.33325392965253
720,chr10,27994195,27995194,2.431016022495079,8.538209719525707
721,chr10,28013195,28014194,2.7708423619890663,10.23540921365166
722,chr10,28014195,28015194,2.400300810408835,7.534172377325337
723,chr10,28425195,28426194,0.44698044670568504,0.4617477860624616
724,chr10,28636195,28637194,2.5577998936790767,2.022527683659436
725,chr10,30737195,30738194,1.930251350837947,4.486694560840876
726,chr10,34230195,34231194,1.4273518296991372,7.440333177950658
727,chr10,34233195,34234194,3.232094629928766,11.711688513287275
728,chr10,36935195,36936194,2.706873808668667,7.978245323480779
729,chr10,40363195,40364194,2.10485008667274,3.0980905706639805
730,chr10,41467195,41468194,2.157678176662497,4.88922336950786
731,chr10,41830195,41831194,1.838829414496131,6.315692764239321
732,chr10,43043195,43044194,0.658467467398799,1.2114462167887012
733,chr10,44368195,44369194,1.100750065306186,2.938353223389879
734,chr10,44391195,44392194,3.4801808894128134,9.724958811074755
735,chr10,44392195,44393194,3.322957814904231,9.340937699562533
736,chr10,45072195,45073194,3.1666955139824258,13.164201748855094
737,chr10,47517195,47518194,1.0712204751476482,0.786181733288823
738,chr10,52272195,52273194,1.520926172227246,6.061202855653382
739,chr10,52273195,52274194,2.4254939769472057,7.468691069699679
740,chr10,52278195,52279194,1.8387153191609285,9.797080317678486
741,chr10,56374195,56375194,4.197533582027734,3.5656850775743028
742,chr10,56380195,56381194,0.677011686586609,3.382657883290914
743,chr10,58354253,58355252,0.7410075424216948,1.3485939835230636
744,chr10,59353253,59354252,1.4599026499098882,2.096491641705836
745,chr10,59558253,59559252,1.3616862848098206,6.034968179513545
746,chr10,59974253,59975252,1.8722047424174817,0.9263295320206695
747,chr10,60165253,60166252,0.8839535660293928,4.043898593030678
748,chr10,61315253,61316252,2.1982996925308327,2.62993805748412
749,chr10,61415253,61416252,4.425054158625486,12.338875520814248
750,chr10,61929253,61930252,2.7582962712930397,14.314606255808103
751,chr10,62892253,62893252,2.723815199840335,18.29472503384814
752,chr10,62893253,62894252,2.723044946911927,20.064267054121327
753,chr10,62894253,62895252,2.3107210996146255,20.633033057411858
754,chr10,62895253,62896252,3.32274835001801,19.122414485351953
755,chr10,62896253,62897252,4.073307222496808,17.312564454715723
756,chr10,62897253,62898252,4.202584114151925,15.489720934846215
757,chr10,62898253,62899252,3.0550432466947854,11.644483386752617
758,chr10,66897253,66898252,0.9345993613656072,4.026025574358922
759,chr10,66901253,66902252,0.7746687962966284,2.136041873972952
760,chr10,66917253,66918252,2.7998693984871794,11.428394091460905
761,chr10,67083253,67084252,3.007057884104501,6.5780463282954935
762,chr10,67100253,67101252,3.3558193921361235,7.661306902989204
763,chr10,68137253,68138252,5.132586077123843,24.97888383582149
764,chr10,68795253,68796252,1.1653395029399933,1.427970434150314
765,chr10,70359253,70360252,2.2528912770113987,5.9166174151118165
766,chr10,70364253,70365252,1.8320603050171353,8.418066760316428
767,chr10,75881256,75882255,3.004340760927693,14.083316238989607
768,chr10,77199256,77200255,1.041422086077122,5.956647928463034
769,chr10,78047256,78048255,1.4540132812034094,4.4602123714577955
770,chr10,80050256,80051255,3.785990599514672,17.26147467361014
771,chr10,80051256,80052255,4.094359502370381,22.05685966486579
772,chr10,82809256,82810255,2.0484418592212217,8.329869203300273
773,chr10,84382256,84383255,0.8092754487228128,0.8999017303366224
774,chr10,84554256,84555255,2.40359584938124,9.114663688425908
775,chr10,84555256,84556255,2.1042835217052134,5.22701358978087
776,chr10,84910256,84911255,4.035037745783038,9.603600606833195
777,chr10,85050256,85051255,1.4782581537655979,6.086399659559255
778,chr10,85071256,85072255,3.0459287593246436,6.304264029191533
779,chr10,85539256,85540255,5.217002351136868,22.435121696680614
780,chr10,88684256,88685255,2.3490872319389107,6.495696473642907
781,chr10,88708256,88709255,1.3683424242054991,6.345572430066199
782,chr10,92816256,92817255,0.5869097963759798,0.7972847437760285
783,chr10,93242256,93243255,2.1785447542884255,1.7621583194478017
784,chr10,95175367,95176366,2.0332608016893743,2.538287697301517
785,chr10,95220367,95221366,3.1026028215071357,11.041382239868415
786,chr10,95455367,95456366,2.9662601480588866,2.684497320410391
787,chr10,95595367,95596366,1.7821326040313454,2.588177359018756
788,chr10,95883367,95884366,2.266670945498848,6.617199380496637
789,chr10,99460367,99461366,3.2894278773668955,7.124782965934815
790,chr10,105523945,105524944,0.8694094058049134,1.4223205062051294
791,chr10,108285945,108286944,4.150843255280981,17.929926938790473
792,chr10,108286945,108287944,3.972477013877552,15.465853617904523
793,chr10,108290945,108291944,2.4541394810163486,13.40920014592681
794,chr10,108567945,108568944,2.4909450817931993,3.312140668841225
795,chr10,112399945,112400944,0.8164572447292106,1.6118886598994382
796,chr10,116561945,116562944,3.4659386499907776,7.149832328156446
797,chr10,116562945,116563944,3.0158408543861395,6.045089609054784
798,chr10,117716945,117717944,0.6105129230252714,3.9012503464223487
799,chr10,117805945,117806944,1.1618678740043116,2.781341266208794
800,chr10,118460945,118461944,3.217019615919058,3.4238807793626336
801,chr10,120169945,120170944,3.175337617009013,14.218113031616323
802,chr10,120170945,120171944,3.8733912829138344,15.62031900753286
803,chr10,121454945,121455944,3.4267446516831903,2.378542848073895
804,chr10,130293945,130294944,0.5646368516123396,0.9916262867053238
805,chr11,6038998,6039997,2.0474856839887137,4.541636248734423
806,chr11,6894998,6895997,3.5912896898456124,17.28521291822953
807,chr11,7422998,7423997,1.4561210063924248,4.874317309923026
808,chr11,8568998,8569997,4.319840581807717,16.012977871132588
809,chr11,8574998,8575997,3.294527145545128,15.898861368375746
810,chr11,8585998,8586997,2.277744919142745,13.949405810128127
811,chr11,8634998,8635997,3.2343230783312586,19.647128083993785
812,chr11,9115998,9116997,5.224864290940846,21.934791058053392
813,chr11,11941998,11942997,2.7224092334898473,5.691605966703606
814,chr11,12466998,12467997,3.788876963179331,19.31703846074946
815,chr11,12468998,12469997,2.787583137557421,13.407942639393863
816,chr11,17882998,17883997,3.2607520452805647,4.260016971962732
817,chr11,20230998,20231997,3.925559863329461,9.277819713047146
818,chr11,20320998,20321997,1.0014168001551549,1.8416767349194385
819,chr11,20590998,20591997,0.401899542400713,0.43482672630450236
820,chr11,22830001,22831000,1.2857985589392062,3.634012800056515
821,chr11,22936001,22937000,0.5720965776379128,0.7140818199750353
822,chr11,23801001,23802000,2.389265311104707,8.565437285614632
823,chr11,23802001,23803000,2.8288978749154983,10.843853857403085
824,chr11,25474001,25475000,1.149763864872564,0.5632864769182285
825,chr11,26099001,26100000,0.8140157092703294,3.1360799866457936
826,chr11,26129001,26130000,1.4580215244621584,9.527447452165413
827,chr11,26170001,26171000,1.4029152548808097,2.9932171280487605
828,chr11,30749001,30750000,3.316810970609054,15.433964549472742
829,chr11,30750001,30751000,3.240472067181903,15.345405988061763
830,chr11,33527001,33528000,3.555192848434992,13.552087419294825
831,chr11,33530001,33531000,1.007066232119848,16.229126877445317
832,chr11,33533001,33534000,1.9565360260787816,13.31008917848806
833,chr11,33537001,33538000,3.945947790671446,26.84581316633832
834,chr11,34738499,34739498,1.244005091384437,0.7339374370100695
835,chr11,40050499,40051498,1.0176282319212573,1.1467511389068121
836,chr11,44746499,44747498,2.3314256792698314,4.52952097563925
837,chr11,47640499,47641498,1.2360321882731284,1.2640419641134628
838,chr11,49805499,49806498,1.4202735328649807,3.1395750950527503
839,chr11,53297499,53298498,1.052265263658764,5.310473281741583
840,chr11,59780499,59781498,0.4281595966782346,0.8203171109200212
841,chr11,60414499,60415498,0.5430215711373125,1.5398996906737774
842,chr11,60441499,60442498,0.7368444680736903,4.5109802349870245
843,chr11,62214499,62215498,3.070215270379488,2.658346120614304
844,chr11,62510499,62511498,6.221631233168854,39.55735341356678
845,chr11,63270499,63271498,2.6845227382560872,14.007515758171262
846,chr11,64089499,64090498,1.159370972497482,1.2373106779770704
847,chr11,66932499,66933498,1.6819451059862027,2.9078277041654803
848,chr11,67011499,67012498,1.9135243513001243,5.471635929002082
849,chr11,68393499,68394498,2.693580967667479,3.948442655789095
850,chr11,69703499,69704498,4.466866646439908,14.426023043032444
851,chr11,69707499,69708498,2.3322088720391805,15.979975203683697
852,chr11,76484499,76485498,1.1300441263195766,1.850744591049735
853,chr11,77673499,77674498,1.797484137282678,4.0224652336516415
854,chr11,77679499,77680498,1.5498565419120607,2.0706085035849835
855,chr11,79002499,79003498,2.752702420455633,10.308062520610672
856,chr11,79425499,79426498,1.2945936656674488,2.0662492372414416
857,chr11,80131499,80132498,3.721010806185346,9.58765635941388
858,chr11,80135499,80136498,1.6159604222437256,4.32090280985411
859,chr11,80137499,80138498,2.108015099291798,5.844300862622149
860,chr11,88629687,88630686,1.2236285609164166,4.565744260640061
861,chr11,88689687,88690686,2.823059165868254,8.817936166764609
862,chr11,88719687,88720686,1.2737942886758016,8.174266604575228
863,chr11,88967687,88968686,2.1819022642708594,5.086361411121771
864,chr11,88968687,88969686,2.3064582836907075,6.920600167763317
865,chr11,89067687,89068686,3.005116525192245,18.230457931977732
866,chr11,94046687,94047686,0.7121708144926538,1.9757692713700132
867,chr11,95311687,95312686,2.886538356535242,11.153443354555645
868,chr11,97288687,97289686,1.3981344183515272,7.559338335638036
869,chr11,97635687,97636686,2.0157742326098207,3.0907340518966357
870,chr11,97661687,97662686,5.574532747123217,37.069560225661405
871,chr11,101681687,101682686,2.8511956354423833,9.486179859408871
872,chr11,101772687,101773686,1.3635759676380406,5.544621668498666
873,chr11,102331687,102332686,1.6992554028586546,9.869605799564392
874,chr11,107351687,107352686,1.2320857733591277,5.8296179869167295
875,chr11,107352687,107353686,1.428598924951143,5.816020254089248
876,chr11,107435687,107436686,1.532648814367845,3.6810938854046875
877,chr11,111042687,111043686,2.2555963286543093,1.2461356249017215
878,chr11,117081687,117082686,3.433569089694185,23.07251221414545
879,chr11,117972687,117973686,2.684531915373274,7.605582897377692
880,chr11,117974687,117975686,5.389756073199856,16.482529762994414
881,chr11,117975687,117976686,5.597796612691905,15.983397332031767
882,chr11,120663687,120664686,2.313925323001784,5.190359368255014
883,chr12,3662001,3663000,1.0019455284248855,3.800036145548168
884,chr12,4360001,4361000,1.5843253219023539,16.166482790425604
885,chr12,4897195,4898194,4.429625769260013,11.237048899908583
886,chr12,12177195,12178194,3.3606939781032805,10.707472539869704
887,chr12,12784195,12785194,1.7488923548179995,6.936065757417843
888,chr12,12787195,12788194,3.7071278053419725,13.446377886097988
889,chr12,12803195,12804194,2.544811822689061,8.669114724682816
890,chr12,12943195,12944194,5.134209868769133,8.306188368763433
891,chr12,21462140,21463139,1.8734797549932467,4.966689658212058
892,chr12,27031136,27032135,0.3303377132082262,0.2807990037060659
893,chr12,27064136,27065135,0.6814942118246625,0.4656590867335983
894,chr12,35641329,35642328,3.079350251424451,6.980430222399076
895,chr12,39888414,39889413,1.5478043231404703,2.9172674685014846
896,chr12,39995414,39996413,0.6931691868845721,1.6830266977319053
897,chr12,39996414,39997413,2.540569286106021,3.0929161630921644
898,chr12,39997414,39998413,3.0699880231050183,3.928432629910149
899,chr12,41386414,41387413,0.7654742238353007,3.944352907227047
900,chr12,41558414,41559413,1.2186117630960005,1.9339756284799985
901,chr12,41729014,41730013,2.116288655766403,5.623804044398124
902,chr12,41730014,41731013,1.8076872156237345,5.173522842092848
903,chr12,53474014,53475013,1.5695167607475617,1.1590320991824539
904,chr12,54102014,54103013,1.4112720474688254,2.0048934493716
905,chr12,55386014,55387013,1.1895410811409493,3.268808467086277
906,chr12,56296014,56297013,2.6727448186981704,3.8665303938756757
907,chr12,56298014,56299013,3.761341680984941,3.553516127013522
908,chr12,58473014,58474013,4.399936107624373,9.77980350507821
909,chr12,61610014,61611013,1.7454512804578834,1.78052923783278
910,chr12,70711014,70712013,3.549836840373713,11.198345650736211
911,chr12,71053014,71054013,1.024617964555856,1.0920276667232192
912,chr12,71297014,71298013,1.7817603927304242,3.2289108230363333
913,chr12,71460014,71461013,0.594415543880512,1.3197227954498731
914,chr12,72649014,72650013,2.643026183915866,6.546481962181375
915,chr12,72650014,72651013,2.7392296539272536,6.180619259211529
916,chr12,73085014,73086013,2.456191454933567,6.2261796268123675
917,chr12,73086014,73087013,2.594209148213229,8.537335773296105
918,chr12,78996014,78997013,1.4143866051746936,2.0180723955934257
919,chr12,86466051,86467050,1.629618492458336,5.957577455863358
920,chr12,86479051,86480050,1.9233075612773967,6.484850084107528
921,chr12,86498051,86499050,3.6292940204888953,19.492761585542087
922,chr12,86499051,86500050,2.9630598960313876,19.805664647026028
923,chr12,86501051,86502050,6.359954674901072,24.442071096198585
924,chr12,86502051,86503050,7.676275092444854,37.30769975999848
925,chr12,86504051,86505050,3.333693374286137,35.793892347257604
926,chr12,86945051,86946050,1.0930309987729028,11.993655840469149
927,chr12,87289051,87290050,1.7478286704423678,5.355854813879399
928,chr12,87317051,87318050,4.958201854373035,13.03408510207977
929,chr12,99341791,99342790,2.9346761504788557,8.728849894583742
930,chr12,102706791,102707790,3.176569057515023,14.428444138605052
931,chr12,102724791,102725790,1.923710972011969,10.70929955160047
932,chr12,104432791,104433790,1.6811069413983601,4.1298149043373185
933,chr12,104763791,104764790,2.0680396041464224,2.216515949569276
934,chr12,106175791,106176790,2.757553227392372,3.555469887333669
935,chr12,108711791,108712790,1.6690172107017198,3.2815547090872705
936,chr12,110471791,110472790,2.523137087862792,19.451713424828256
937,chr12,110504791,110505790,1.5442291423912349,5.732597858759507
938,chr12,110836791,110837790,3.481695332475857,12.062335269751149
939,chr12,117047528,117048527,1.7414895789055853,1.5706061254917167
940,chr12,118766528,118767527,0.624792964116179,0.7934069682658262
941,chr13,4770755,4771754,0.9750419534492948,3.6490591164205703
942,chr13,5802755,5803754,1.7656681500471176,5.45847996390834
943,chr13,6641755,6642754,1.3892702477809848,5.5144098762509115
944,chr13,14426734,14427733,0.7915994692179843,0.5869772720240535
945,chr13,16769167,16770166,1.0313917807288033,2.36584871635031
946,chr13,16829167,16830166,1.638574519925568,3.260274899794849
947,chr13,17844167,17845166,0.9030945959254069,1.1655743068709592
948,chr13,19569132,19570131,0.6862790403184208,0.5531845409170288
949,chr13,19628132,19629131,0.5264903195938903,1.32832650655098
950,chr13,23595132,23596131,0.5802958304269215,1.8380606278908207
951,chr13,28590132,28591131,0.36989468622211563,0.3207144589251259
952,chr13,34109132,34110131,3.8929118588023104,16.083588913236742
953,chr13,34244132,34245131,1.0220953159503692,1.4556242987215375
954,chr13,34827132,34828131,0.9595042321531758,2.0426105643166212
955,chr13,37436132,37437131,2.4063674186526884,4.667083022687941
956,chr13,37773132,37774131,1.07857492518175,0.6293512096473418
957,chr13,40862632,40863631,0.6574835914319281,4.777823792876975
958,chr13,44018632,44019631,1.6356058893229055,6.689887464377441
959,chr13,44020632,44021631,0.8197080244512696,2.197475002161083
960,chr13,44085632,44086631,3.55245529764151,8.093866167075774
961,chr13,44677632,44678631,3.066076907730474,8.884117259272704
962,chr13,44704632,44705631,5.965274875911644,15.339612716825252
963,chr13,44721632,44722631,4.177897774066727,11.400812304111845
964,chr13,47855632,47856631,2.4608602455107493,7.6081651060357744
965,chr13,48159632,48160631,2.0923122841867166,4.631969752117513
966,chr13,48244632,48245631,2.5944884015661027,3.7289141035828997
967,chr13,51052632,51053631,0.47978986147497144,1.2854102980805648
968,chr13,51920632,51921631,2.240435390518987,1.1751433397537143
969,chr13,52561632,52562631,2.6553377171893167,3.3091379860984222
970,chr13,54215632,54216631,2.2102846044209663,7.084077740899329
971,chr13,55313640,55314639,0.5945455874353888,1.0037358429564243
972,chr13,58280640,58281639,0.8327341343502591,1.8173162020937959
973,chr13,63529693,63530692,1.5768611346348638,3.517532756769144
974,chr13,63530693,63531692,1.218664721797272,2.9043895276540956
975,chr13,63968693,63969692,1.210597086307852,5.926294761220538
976,chr13,73914553,73915552,0.3775900051428145,0.7601908306014111
977,chr13,85146396,85147395,1.6092970325781382,0.7581444129079232
978,chr13,89661396,89662395,0.8032303354026448,0.728550632258255
979,chr13,90869396,90870395,1.7210984259327193,3.6932238683198086
980,chr13,94706046,94707045,2.3220638781687524,3.316147316963349
981,chr13,95532046,95533045,1.6897106085174451,10.07954748893541
982,chr13,95534046,95535045,3.740235616407296,16.420448325336384
983,chr13,97283046,97284045,3.706329493988059,4.812748463563703
984,chr13,97432046,97433045,1.575074802269813,5.589702897879533
985,chr13,97580046,97581045,1.3421553643795778,4.0018225929349756
986,chr13,97588046,97589045,1.9462274439038958,8.088987523234492
987,chr13,97600046,97601045,1.0747493350839774,2.6288526759566704
988,chr13,107660921,107661920,0.36285169078834345,0.3434849511723928
989,chr13,109632805,109633804,1.8517590526315124,3.7329930768377464
990,chr13,109676789,109677788,0.4775223355177275,0.8488897740547062
991,chr13,109839793,109840792,1.486698168776241,1.56983568102058
992,chr13,111540793,111541792,1.8496674627185872,6.794022112942226
993,chr13,112461793,112462792,3.2052629393534757,9.687642589807256
994,chr13,113769793,113770792,0.43625863607302906,0.41068140693317207
995,chr13,114025793,114026792,3.157352047556546,5.130337324619464
996,chr13,114278793,114279792,3.6483288873904227,11.157546309951211
997,chr14,8403487,8404486,2.1940102953613234,2.586542303421955
998,chr14,11663487,11664486,1.2003874343861751,2.5071197708995774
999,chr14,19860779,19861778,2.73750773866527,23.809046832275314
1000,chr14,27046815,27047814,0.6671744750149723,2.0447809397019383
1001,chr14,27346815,27347814,2.586647129038374,10.38419763201541
1002,chr14,29950815,29951814,1.4183589876550444,5.402264625281305
1003,chr14,47572326,47573325,3.6547950902241286,10.592209712620965
1004,chr14,48653326,48654325,3.4974572761867044,9.461457123898406
1005,chr14,48700326,48701325,2.1045097106049044,3.433344433450601
1006,chr14,48754326,48755325,1.2545992962145531,1.0569637516576893
1007,chr14,49447326,49448325,3.015885014516602,2.002707425009744
1008,chr14,52066326,52067325,2.19846828157207,15.604777601414542
1009,chr14,58101164,58102163,1.7063104403860818,0.6827432769118258
1010,chr14,63500164,63501163,4.804835373086959,16.910418901252612
1011,chr14,63501164,63502163,4.316002196899788,15.999342598435627
1012,chr14,76495194,76496193,2.124246989137268,18.97053232158218
1013,chr14,76515194,76516193,2.2837408907208676,14.85236125271368
1014,chr14,77250194,77251193,1.517795363089138,1.2716984874246486
1015,chr14,77509194,77510193,0.6183983418321164,0.4284904196881931
1016,chr14,77519194,77520193,3.311934147388589,5.1917511553265445
1017,chr14,78288194,78289193,2.1829648259170367,1.6531399089414573
1018,chr14,86396194,86397193,3.2241132937819774,16.200283939854106
1019,chr14,99324782,99325781,2.328456971888299,9.241968532501566
1020,chr14,99338782,99339781,4.2259052299920725,12.502301454750855
1021,chr14,99339782,99340781,4.2997284965043265,12.458098094265972
1022,chr14,99509782,99510781,1.8465411226024133,4.074881313230422
1023,chr14,100209782,100210781,0.681312384582633,1.0809781993670575
1024,chr14,105858784,105859783,3.7475887933456375,9.756626080803409
1025,chr14,105860784,105861783,3.8894678306640977,9.054621651942531
1026,chr14,105900784,105901783,1.6756120332634914,3.135893212952353
1027,chr14,105920784,105921783,2.0351866140529205,1.0233764392566571
1028,chr14,116868779,116869778,1.5119703691294655,3.2623586947193224
1029,chr14,118713779,118714778,1.7844064228429117,7.127486122712926
1030,chr14,121505779,121506778,3.21550396653989,23.009925454299204
1031,chr14,122254779,122255778,1.74203805200683,2.2993069266137702
1032,chr14,122267779,122268778,1.2001867378974125,0.7265961487836897
1033,chr14,122341779,122342778,2.993701991443533,4.565667555096649
1034,chr14,122415779,122416778,3.662363230203956,15.234340842520558
1035,chr14,122433779,122434778,1.9291523467209066,5.33740552438482
1036,chr14,122467779,122468778,2.7202460949533154,3.09690598704531
1037,chr15,5991001,5992000,1.3032543582762046,1.7978138787200688
1038,chr15,7115001,7116000,3.967573247070909,17.864036846278832
1039,chr15,7116001,7117000,4.684364144183689,19.88210293230009
1040,chr15,7117001,7118000,4.047207186634638,15.319245784804183
1041,chr15,7168001,7169000,1.3715504915416146,4.263370901325505
1042,chr15,7531001,7532000,1.1715115852571956,1.2059860816256027
1043,chr15,9898246,9899245,0.6888418253287844,0.7594468886172467
1044,chr15,10642246,10643245,0.7337206391809808,1.633207622124705
1045,chr15,10723246,10724245,3.561244977018479,10.181630194388909
1046,chr15,16446246,16447245,1.603724508908229,1.5862212313648336
1047,chr15,25769246,25770245,3.9102714093251065,22.11818619622882
1048,chr15,37238246,37239245,0.6660016805107727,0.38772694032136445
1049,chr15,37977246,37978245,2.1089179732019847,4.80259188273541
1050,chr15,38312246,38313245,1.0420045205977615,3.7511404241868562
1051,chr15,39646455,39647454,1.793717384384433,2.720847147978678
1052,chr15,39728455,39729454,2.477719961604165,2.790039688460376
1053,chr15,39780455,39781454,3.171390139494482,17.12766684651529
1054,chr15,41882455,41883454,1.4831897614938623,2.7815339304150135
1055,chr15,43529455,43530454,1.6801976548636217,2.2486506036140064
1056,chr15,50900455,50901454,3.726680033284853,11.364822316377728
1057,chr15,52012455,52013454,3.850182384979733,15.773011947243193
1058,chr15,55877446,55878445,0.35913924429460964,2.5902384809470105
1059,chr15,56742446,56743445,1.724877822460366,5.144134759932425
1060,chr15,62010446,62011445,1.6026961320264397,4.451155888366397
1061,chr15,62063446,62064445,0.5820297449746634,0.611781507359056
1062,chr15,62092446,62093445,1.6960934640650212,3.149340127472378
1063,chr15,62958446,62959445,3.427182116132601,13.123870491764542
1064,chr15,79519571,79520570,1.1165946296635245,2.7537634658027903
1065,chr15,81517571,81518570,1.5398638475696003,3.6862984082553396
1066,chr15,81662571,81663570,1.4672243751255942,10.534833945222022
1067,chr15,83441571,83442570,0.6289562902055508,3.419212735900564
1068,chr15,88708571,88709570,4.853924197789071,31.50041872332153
1069,chr15,92963570,92964569,0.44109029540846517,0.18190835103451958
1070,chr15,96244570,96245569,1.9362431091331616,7.230484667081199
1071,chr15,96702570,96703569,1.2596062247231474,3.944370907702618
1072,chr15,97593570,97594569,4.562948689252603,10.335888019567983
1073,chr15,98991570,98992569,2.9900653914693027,14.514163042446844
1074,chr15,101233570,101234569,2.097286291282873,6.753650483067069
1075,chr15,102240570,102241569,1.4508580022384943,4.210965694279956
1076,chr15,102401570,102402569,1.2039600638593377,5.465058849849227
1077,chr15,103519570,103520569,1.3421554402752778,5.1319820197105495
1078,chr16,8777908,8778907,2.8947792763956306,11.529557581592286
1079,chr16,8831908,8832907,1.2103594294378903,9.135342991025688
1080,chr16,8838908,8839907,1.3521037047193165,2.3345596050710906
1081,chr16,9283908,9284907,1.501169822700609,1.1879994118691195
1082,chr16,13747908,13748907,5.105916838785432,13.913559518549096
1083,chr16,13748908,13749907,6.4614305559981595,18.631782835151498
1084,chr16,13950908,13951907,0.6023106930347769,0.8674474516357068
1085,chr16,14020908,14021907,1.2711344625729641,7.36531386824402
1086,chr16,16087908,16088907,0.6867865346935289,2.997903744554798
1087,chr16,17456908,17457907,0.7886454990326061,1.8319977707884605
1088,chr16,20371928,20372927,0.847441309979816,5.340351670574497
1089,chr16,22252928,22253927,0.7241712791944358,0.6368947691581631
1090,chr16,22412928,22413927,4.160573958884187,17.817585244586446
1091,chr16,23101928,23102927,2.199236801365426,13.752220346000245
1092,chr16,25049915,25050914,1.4853896072729234,6.776333410050294
1093,chr16,26961915,26962914,2.161676895675275,1.7969601797437018
1094,chr16,30640915,30641914,1.3632580474554388,3.6612792464730752
1095,chr16,30820915,30821914,1.7573345319568294,7.087119762572881
1096,chr16,30939915,30940914,1.9597559484296196,2.839336775766863
1097,chr16,33843915,33844914,2.3475864225707443,16.112779475898023
1098,chr16,35966915,35967914,1.8901390007005656,9.879197382704538
1099,chr16,38471919,38472918,1.7093082482299549,3.37545224805785
1100,chr16,38557888,38558887,1.657494511704062,5.934345178130642
1101,chr16,41633888,41634887,1.1173144990500994,0.9099056214282705
1102,chr16,42780888,42781887,5.778388639057314,10.534840418695294
1103,chr16,42781888,42782887,5.744003054541741,8.516198457640298
1104,chr16,46499888,46500887,1.2434318513781415,2.3845008366966884
1105,chr16,48474888,48475887,1.6827216685516144,2.0174754578355745
1106,chr16,59545175,59546174,1.0441034974752428,0.879523348847729
1107,chr16,64885175,64886174,3.5399901128536797,18.806359194550417
1108,chr16,65648756,65649755,1.2877436631864676,3.4867958439214815
1109,chr16,72071756,72072755,0.9113372075940651,0.24807495712328312
1110,chr16,73096756,73097755,3.870470719160847,3.0728268927914497
1111,chr16,82595756,82596755,0.4493795870308539,0.37183551733124864
1112,chr16,84768756,84769755,4.629676017619736,15.536321619482813
1113,chr16,88719756,88720755,1.3266829025977855,1.0387369194763172
1114,chr16,92215756,92216755,0.7849897246961687,4.305481915056511
1115,chr16,93462756,93463755,0.871844353347902,2.9273523029703408
1116,chr16,94601394,94602393,1.8660472326942035,6.321249512784154
1117,chr17,7533136,7534135,2.5913437663252905,7.897627687623124
1118,chr17,10366136,10367135,3.5147491002634696,12.293971358153385
1119,chr17,10432135,10433134,5.29298370741178,21.657250625373873
1120,chr17,11353135,11354134,2.14649410675063,2.5204191366722677
1121,chr17,14817994,14818993,0.8667490143142353,5.12818164812051
1122,chr17,17441037,17442036,0.40342416460706043,0.4026135297345518
1123,chr17,24795056,24796055,0.6914752632782383,0.6530068590230733
1124,chr17,28594056,28595055,2.080838527331107,6.825065286654782
1125,chr17,29465056,29466055,1.9180613861731426,7.5968616560332904
1126,chr17,31307056,31308055,2.36018847240119,5.622330180809034
1127,chr17,31806056,31807055,3.4469608568266428,27.007490819517912
1128,chr17,31808056,31809055,4.496974289498576,32.937065558864575
1129,chr17,33683056,33684055,1.0382220104993873,11.093413873995301
1130,chr17,33901056,33902055,1.3432456013079264,14.066618032002799
1131,chr17,35503056,35504055,4.2609117808071755,23.18532332344717
1132,chr17,35504056,35505055,4.223552752541744,28.67200182180676
1133,chr17,35939056,35940055,1.0649112225481314,5.682868953809997
1134,chr17,36973056,36974055,3.2387602038828387,19.58102274503108
1135,chr17,36974056,36975055,3.0659554417050896,16.308640147016984
1136,chr17,36995056,36996055,2.2793750567632154,12.704819082946774
1137,chr17,36997056,36998055,2.427111268425004,11.391754416489164
1138,chr17,36998056,36999055,2.0001193351543733,10.387817924463791
1139,chr17,37080056,37081055,3.151831034941852,8.59786658019953
1140,chr17,37990056,37991055,3.729322749519682,5.706856625896962
1141,chr17,43712052,43713051,3.4838644122587583,5.885667964334542
1142,chr17,43982052,43983051,0.3417010014036405,0.39111257640989583
1143,chr17,45602052,45603051,3.4688349209916107,18.75372906113983
1144,chr17,45607052,45608051,2.1823682982682158,6.4491138311960094
1145,chr17,46812052,46813051,4.373609221444009,23.298816176326362
1146,chr17,47571052,47572051,3.16627370406411,20.52469356327508
1147,chr17,53560676,53561675,3.6732112603418803,11.510516694582225
1148,chr17,53561676,53562675,3.572260995289782,11.495787544907193
1149,chr17,63532652,63533651,1.009524113567841,1.35248169092513
1150,chr17,63533652,63534651,1.269040785244183,2.2253448922343075
1151,chr17,66479661,66480660,4.817965271590966,27.917619909770828
1152,chr17,70772661,70773660,1.5617235192093035,2.293084153355831
1153,chr17,70827661,70828660,4.169611445031462,21.10996753964922
1154,chr17,70828661,70829660,4.802067443086676,26.57118414983003
1155,chr17,70900661,70901660,1.5103805594253068,4.197703271763363
1156,chr17,70901661,70902660,1.2336016997468455,3.143091168452863
1157,chr17,76111661,76112660,2.119124709075172,1.5699947802567598
1158,chr17,79364661,79365660,2.9726006314480653,1.7828160109845574
1159,chr17,79680661,79681660,0.2368541635356483,0.4355090875506912
1160,chr17,79745661,79746660,0.6929117047483767,1.3187980135844708
1161,chr17,80785661,80786660,2.5682092865354744,13.557501156527415
1162,chr17,80800661,80801660,3.5048720486998497,23.807351446987653
1163,chr17,84350661,84351660,3.4018856678856877,6.416092609719537
1164,chr17,85142661,85143660,1.922337886162719,4.938540282813594
1165,chr17,86750661,86751660,0.8450194193245608,2.2685927444372838
1166,chr17,87471661,87472660,2.2594842432444575,5.403658853127055
1167,chr17,88158661,88159660,1.6910066189028525,8.368557496892675
1168,chr17,88346661,88347660,2.6486920523791633,8.134514185215368
1169,chr17,90031661,90032660,0.6154983162825451,0.4040357506964573
1170,chr18,3006001,3007000,3.030022255498017,6.611197898169854
1171,chr18,5012003,5013002,4.027447788896231,7.407642437573079
1172,chr18,13712492,13713491,2.6058116376040745,2.6136144462467934
1173,chr18,17418492,17419491,2.2103083998288278,1.005765417940149
1174,chr18,20489500,20490499,2.0653100066256194,10.036416693079389
1175,chr18,20748500,20749499,2.064399277001349,10.65548489091388
1176,chr18,23514500,23515499,0.4687524990380094,0.5014213598850985
1177,chr18,24868500,24869499,2.3200774326857694,4.775246364485144
1178,chr18,30121347,30122346,3.4923357789913925,10.672693075910308
1179,chr18,33835347,33836346,4.471490940392875,13.739884736451327
1180,chr18,34815347,34816346,1.79578113378487,5.348625684194863
1181,chr18,35043347,35044346,2.6108846935836216,25.0257150476028
1182,chr18,35757347,35758346,4.717119159895372,5.336057886761287
1183,chr18,36253347,36254346,3.588065995948127,21.02827798445112
1184,chr18,36415347,36416346,3.9239172987660513,23.348688861863053
1185,chr18,37771347,37772346,1.3925372651324628,5.699956728770853
1186,chr18,37889347,37890346,0.43335571615980795,0.5024035655862045
1187,chr18,38148347,38149346,1.6771886274794787,2.467062136651365
1188,chr18,38628347,38629346,1.0688845172094705,2.8372844012067175
1189,chr18,38635347,38636346,1.3177021111229497,3.262216499461793
1190,chr18,46713347,46714346,2.17851891813333,4.879326237388029
1191,chr18,47492347,47493346,1.365799789237809,0.7981484597551727
1192,chr18,54719347,54720346,1.4429975237450554,0.8287041207281074
1193,chr18,61633347,61634346,1.568310688019753,14.855199319334334
1194,chr18,65586347,65587346,1.0929632788986265,3.5084028950287833
1195,chr18,67341347,67342346,4.566751294802006,8.742038522597948
1196,chr18,67497347,67498346,2.9670550972689425,2.9362862483851058
1197,chr18,68157347,68158346,0.9517915524982076,2.285112310054389
1198,chr18,69781347,69782346,2.033011764889372,7.207630611864899
1199,chr18,75360347,75361346,1.729239011866079,1.9938608301548568
1200,chr18,75579347,75580346,2.69013698145405,10.94792355552188
1201,chr18,75584347,75585346,1.3493103126203099,6.128292861117008
1202,chr18,77066262,77067261,0.8685569099739393,10.988042197819093
1203,chr18,77142262,77143261,0.7066557754288003,0.4559524883466872
1204,chr18,77560262,77561261,1.1780656386271495,2.028832231770594
1205,chr18,81865262,81866261,1.3840068078110423,3.1446025588912674
1206,chr18,82778609,82779608,2.206365857205138,7.693084132063947
1207,chr18,84933609,84934608,3.833908483889083,21.55596439997641
1208,chr19,3842001,3843000,3.2279600042528007,10.717852256571355
1209,chr19,4329001,4330000,0.5376216478092541,0.9788944049925067
1210,chr19,4849001,4850000,1.5131739186143354,2.5995289050734987
1211,chr19,5846001,5847000,5.774709090636206,35.4388638638806
1212,chr19,7261511,7262510,5.009230546220314,8.684989670311984
1213,chr19,14594511,14595510,0.7570958486878103,1.2248808425379565
1214,chr19,14655511,14656510,2.562672811810782,5.4047417962104065
1215,chr19,14677511,14678510,0.9900166752267524,3.635298113773078
1216,chr19,14873511,14874510,1.1191582197656218,2.4243033362509316
1217,chr19,16491511,16492510,1.543036545659434,2.3042413025182755
1218,chr19,20923511,20924510,2.5541859130720383,10.529604611441826
1219,chr19,21788511,21789510,0.8832366850663836,2.4401650597947726
1220,chr19,21894511,21895510,2.068501032340543,2.608008702301412
1221,chr19,23087511,23088510,3.2331899365485977,20.417343031523046
1222,chr19,23094511,23095510,6.857301374792346,10.256455894241267
1223,chr19,23131511,23132510,1.8773803605166095,6.625653544094728
1224,chr19,23132511,23133510,3.317674050546207,17.721386467909365
1225,chr19,23136511,23137510,2.856863692139587,29.13909661195105
1226,chr19,23467511,23468510,2.450153835881994,2.2170612388743085
1227,chr19,25488511,25489510,2.3123405785579836,7.2876617390587795
1228,chr19,25573511,25574510,0.7823704526107224,0.7741237272146074
1229,chr19,27904511,27905510,1.5999328929759271,2.7310627402087198
1230,chr19,28182511,28183510,3.5095025361417314,7.0157636951395785
1231,chr19,29007511,29008510,3.698869858948843,15.304565767256573
1232,chr19,29271511,29272510,0.7885281492087226,0.6854232015721781
1233,chr19,29285511,29286510,1.3057486461931063,1.9132969777399944
1234,chr19,29945511,29946510,1.109100004918768,1.123791368622225
1235,chr19,32194511,32195510,2.0771480918394896,5.921094711546791
1236,chr19,32254511,32255510,1.573349832457223,5.930913436172165
1237,chr19,32255511,32256510,1.4919228386686196,5.941031974492536
1238,chr19,32963511,32964510,1.2062059410761181,1.1357788526210837
1239,chr19,34655511,34656510,1.3022572595246997,2.4241542171416985
1240,chr19,37400511,37401510,1.361187834777711,4.528257932479368
1241,chr19,38063511,38064510,2.0360578475278492,6.834062678746814
1242,chr19,38348511,38349510,3.1123105510803395,7.219084630681265
1243,chr19,41013511,41014510,0.444390886749381,0.7737561909947797
1244,chr19,42135511,42136510,1.7653297013542475,8.518735294026417
1245,chr19,44265511,44266510,3.6298016694401487,18.326534897566738
1246,chr19,45649511,45650510,2.2407813129993723,1.9447506580018112
1247,chr19,46835511,46836510,1.8900645232524431,6.691979205462262
1248,chr19,47450511,47451510,4.845344290855462,10.386289610222903
1249,chr19,53448511,53449510,0.6971951355941348,6.361144481956682
1250,chr19,55542511,55543510,1.56332114097077,2.625867545775128
1251,chr19,55556511,55557510,1.2355587207545577,2.605059498505861
1252,chr19,57366511,57367510,2.939251012870196,9.510347950639874
1253,chr19,57576511,57577510,0.512366735749298,0.8541115518847864
