index	chrom	start	end	strand	genomic_SCD	background_index	flank_lenght	spacer_lenght
0	chr12	35192359	35192378	-	53.66	0	0	90
1	chr8	102781112	102781131	-	53.5	0	0	90
2	chr5	49961991	49962010	-	53.3	0	0	90
3	chr7	139598311	139598330	+	0.05814	0	0	90
4	chr8	45342919	45342938	+	0.05832	0	0	90
5	chr2	27771666	27771685	-	0.05875	0	0	90
0	chr12	35192359	35192378	-	53.66	1	0	90
1	chr8	102781112	102781131	-	53.5	1	0	90
2	chr5	49961991	49962010	-	53.3	1	0	90
3	chr7	139598311	139598330	+	0.05814	1	0	90
4	chr8	45342919	45342938	+	0.05832	1	0	90
5	chr2	27771666	27771685	-	0.05875	1	0	90
0	chr12	35192359	35192378	-	53.66	2	0	90
1	chr8	102781112	102781131	-	53.5	2	0	90
2	chr5	49961991	49962010	-	53.3	2	0	90
3	chr7	139598311	139598330	+	0.05814	2	0	90
4	chr8	45342919	45342938	+	0.05832	2	0	90
5	chr2	27771666	27771685	-	0.05875	2	0	90
0	chr12	35192359	35192378	-	53.66	3	0	90
1	chr8	102781112	102781131	-	53.5	3	0	90
2	chr5	49961991	49962010	-	53.3	3	0	90
3	chr7	139598311	139598330	+	0.05814	3	0	90
4	chr8	45342919	45342938	+	0.05832	3	0	90
5	chr2	27771666	27771685	-	0.05875	3	0	90
0	chr12	35192359	35192378	-	53.66	4	0	90
1	chr8	102781112	102781131	-	53.5	4	0	90
2	chr5	49961991	49962010	-	53.3	4	0	90
3	chr7	139598311	139598330	+	0.05814	4	0	90
4	chr8	45342919	45342938	+	0.05832	4	0	90
5	chr2	27771666	27771685	-	0.05875	4	0	90
0	chr12	35192359	35192378	-	53.66	5	0	90
1	chr8	102781112	102781131	-	53.5	5	0	90
2	chr5	49961991	49962010	-	53.3	5	0	90
3	chr7	139598311	139598330	+	0.05814	5	0	90
4	chr8	45342919	45342938	+	0.05832	5	0	90
5	chr2	27771666	27771685	-	0.05875	5	0	90
0	chr12	35192359	35192378	-	53.66	6	0	90
1	chr8	102781112	102781131	-	53.5	6	0	90
2	chr5	49961991	49962010	-	53.3	6	0	90
3	chr7	139598311	139598330	+	0.05814	6	0	90
4	chr8	45342919	45342938	+	0.05832	6	0	90
5	chr2	27771666	27771685	-	0.05875	6	0	90
0	chr12	35192359	35192378	-	53.66	7	0	90
1	chr8	102781112	102781131	-	53.5	7	0	90
2	chr5	49961991	49962010	-	53.3	7	0	90
3	chr7	139598311	139598330	+	0.05814	7	0	90
4	chr8	45342919	45342938	+	0.05832	7	0	90
5	chr2	27771666	27771685	-	0.05875	7	0	90
0	chr12	35192359	35192378	-	53.66	8	0	90
1	chr8	102781112	102781131	-	53.5	8	0	90
2	chr5	49961991	49962010	-	53.3	8	0	90
3	chr7	139598311	139598330	+	0.05814	8	0	90
4	chr8	45342919	45342938	+	0.05832	8	0	90
5	chr2	27771666	27771685	-	0.05875	8	0	90
0	chr12	35192359	35192378	-	53.66	9	0	90
1	chr8	102781112	102781131	-	53.5	9	0	90
2	chr5	49961991	49962010	-	53.3	9	0	90
3	chr7	139598311	139598330	+	0.05814	9	0	90
4	chr8	45342919	45342938	+	0.05832	9	0	90
5	chr2	27771666	27771685	-	0.05875	9	0	90
0	chr12	35192359	35192378	-	53.66	0	1	89
1	chr8	102781112	102781131	-	53.5	0	1	89
2	chr5	49961991	49962010	-	53.3	0	1	89
3	chr7	139598311	139598330	+	0.05814	0	1	89
4	chr8	45342919	45342938	+	0.05832	0	1	89
5	chr2	27771666	27771685	-	0.05875	0	1	89
0	chr12	35192359	35192378	-	53.66	1	1	89
1	chr8	102781112	102781131	-	53.5	1	1	89
2	chr5	49961991	49962010	-	53.3	1	1	89
3	chr7	139598311	139598330	+	0.05814	1	1	89
4	chr8	45342919	45342938	+	0.05832	1	1	89
5	chr2	27771666	27771685	-	0.05875	1	1	89
0	chr12	35192359	35192378	-	53.66	2	1	89
1	chr8	102781112	102781131	-	53.5	2	1	89
2	chr5	49961991	49962010	-	53.3	2	1	89
3	chr7	139598311	139598330	+	0.05814	2	1	89
4	chr8	45342919	45342938	+	0.05832	2	1	89
5	chr2	27771666	27771685	-	0.05875	2	1	89
0	chr12	35192359	35192378	-	53.66	3	1	89
1	chr8	102781112	102781131	-	53.5	3	1	89
2	chr5	49961991	49962010	-	53.3	3	1	89
3	chr7	139598311	139598330	+	0.05814	3	1	89
4	chr8	45342919	45342938	+	0.05832	3	1	89
5	chr2	27771666	27771685	-	0.05875	3	1	89
0	chr12	35192359	35192378	-	53.66	4	1	89
1	chr8	102781112	102781131	-	53.5	4	1	89
2	chr5	49961991	49962010	-	53.3	4	1	89
3	chr7	139598311	139598330	+	0.05814	4	1	89
4	chr8	45342919	45342938	+	0.05832	4	1	89
5	chr2	27771666	27771685	-	0.05875	4	1	89
0	chr12	35192359	35192378	-	53.66	5	1	89
1	chr8	102781112	102781131	-	53.5	5	1	89
2	chr5	49961991	49962010	-	53.3	5	1	89
3	chr7	139598311	139598330	+	0.05814	5	1	89
4	chr8	45342919	45342938	+	0.05832	5	1	89
5	chr2	27771666	27771685	-	0.05875	5	1	89
0	chr12	35192359	35192378	-	53.66	6	1	89
1	chr8	102781112	102781131	-	53.5	6	1	89
2	chr5	49961991	49962010	-	53.3	6	1	89
3	chr7	139598311	139598330	+	0.05814	6	1	89
4	chr8	45342919	45342938	+	0.05832	6	1	89
5	chr2	27771666	27771685	-	0.05875	6	1	89
0	chr12	35192359	35192378	-	53.66	7	1	89
1	chr8	102781112	102781131	-	53.5	7	1	89
2	chr5	49961991	49962010	-	53.3	7	1	89
3	chr7	139598311	139598330	+	0.05814	7	1	89
4	chr8	45342919	45342938	+	0.05832	7	1	89
5	chr2	27771666	27771685	-	0.05875	7	1	89
0	chr12	35192359	35192378	-	53.66	8	1	89
1	chr8	102781112	102781131	-	53.5	8	1	89
2	chr5	49961991	49962010	-	53.3	8	1	89
3	chr7	139598311	139598330	+	0.05814	8	1	89
4	chr8	45342919	45342938	+	0.05832	8	1	89
5	chr2	27771666	27771685	-	0.05875	8	1	89
0	chr12	35192359	35192378	-	53.66	9	1	89
1	chr8	102781112	102781131	-	53.5	9	1	89
2	chr5	49961991	49962010	-	53.3	9	1	89
3	chr7	139598311	139598330	+	0.05814	9	1	89
4	chr8	45342919	45342938	+	0.05832	9	1	89
5	chr2	27771666	27771685	-	0.05875	9	1	89
0	chr12	35192359	35192378	-	53.66	0	2	88
1	chr8	102781112	102781131	-	53.5	0	2	88
2	chr5	49961991	49962010	-	53.3	0	2	88
3	chr7	139598311	139598330	+	0.05814	0	2	88
4	chr8	45342919	45342938	+	0.05832	0	2	88
5	chr2	27771666	27771685	-	0.05875	0	2	88
0	chr12	35192359	35192378	-	53.66	1	2	88
1	chr8	102781112	102781131	-	53.5	1	2	88
2	chr5	49961991	49962010	-	53.3	1	2	88
3	chr7	139598311	139598330	+	0.05814	1	2	88
4	chr8	45342919	45342938	+	0.05832	1	2	88
5	chr2	27771666	27771685	-	0.05875	1	2	88
0	chr12	35192359	35192378	-	53.66	2	2	88
1	chr8	102781112	102781131	-	53.5	2	2	88
2	chr5	49961991	49962010	-	53.3	2	2	88
3	chr7	139598311	139598330	+	0.05814	2	2	88
4	chr8	45342919	45342938	+	0.05832	2	2	88
5	chr2	27771666	27771685	-	0.05875	2	2	88
0	chr12	35192359	35192378	-	53.66	3	2	88
1	chr8	102781112	102781131	-	53.5	3	2	88
2	chr5	49961991	49962010	-	53.3	3	2	88
3	chr7	139598311	139598330	+	0.05814	3	2	88
4	chr8	45342919	45342938	+	0.05832	3	2	88
5	chr2	27771666	27771685	-	0.05875	3	2	88
0	chr12	35192359	35192378	-	53.66	4	2	88
1	chr8	102781112	102781131	-	53.5	4	2	88
2	chr5	49961991	49962010	-	53.3	4	2	88
3	chr7	139598311	139598330	+	0.05814	4	2	88
4	chr8	45342919	45342938	+	0.05832	4	2	88
5	chr2	27771666	27771685	-	0.05875	4	2	88
0	chr12	35192359	35192378	-	53.66	5	2	88
1	chr8	102781112	102781131	-	53.5	5	2	88
2	chr5	49961991	49962010	-	53.3	5	2	88
3	chr7	139598311	139598330	+	0.05814	5	2	88
4	chr8	45342919	45342938	+	0.05832	5	2	88
5	chr2	27771666	27771685	-	0.05875	5	2	88
0	chr12	35192359	35192378	-	53.66	6	2	88
1	chr8	102781112	102781131	-	53.5	6	2	88
2	chr5	49961991	49962010	-	53.3	6	2	88
3	chr7	139598311	139598330	+	0.05814	6	2	88
4	chr8	45342919	45342938	+	0.05832	6	2	88
5	chr2	27771666	27771685	-	0.05875	6	2	88
0	chr12	35192359	35192378	-	53.66	7	2	88
1	chr8	102781112	102781131	-	53.5	7	2	88
2	chr5	49961991	49962010	-	53.3	7	2	88
3	chr7	139598311	139598330	+	0.05814	7	2	88
4	chr8	45342919	45342938	+	0.05832	7	2	88
5	chr2	27771666	27771685	-	0.05875	7	2	88
0	chr12	35192359	35192378	-	53.66	8	2	88
1	chr8	102781112	102781131	-	53.5	8	2	88
2	chr5	49961991	49962010	-	53.3	8	2	88
3	chr7	139598311	139598330	+	0.05814	8	2	88
4	chr8	45342919	45342938	+	0.05832	8	2	88
5	chr2	27771666	27771685	-	0.05875	8	2	88
0	chr12	35192359	35192378	-	53.66	9	2	88
1	chr8	102781112	102781131	-	53.5	9	2	88
2	chr5	49961991	49962010	-	53.3	9	2	88
3	chr7	139598311	139598330	+	0.05814	9	2	88
4	chr8	45342919	45342938	+	0.05832	9	2	88
5	chr2	27771666	27771685	-	0.05875	9	2	88
0	chr12	35192359	35192378	-	53.66	0	3	87
1	chr8	102781112	102781131	-	53.5	0	3	87
2	chr5	49961991	49962010	-	53.3	0	3	87
3	chr7	139598311	139598330	+	0.05814	0	3	87
4	chr8	45342919	45342938	+	0.05832	0	3	87
5	chr2	27771666	27771685	-	0.05875	0	3	87
0	chr12	35192359	35192378	-	53.66	1	3	87
1	chr8	102781112	102781131	-	53.5	1	3	87
2	chr5	49961991	49962010	-	53.3	1	3	87
3	chr7	139598311	139598330	+	0.05814	1	3	87
4	chr8	45342919	45342938	+	0.05832	1	3	87
5	chr2	27771666	27771685	-	0.05875	1	3	87
0	chr12	35192359	35192378	-	53.66	2	3	87
1	chr8	102781112	102781131	-	53.5	2	3	87
2	chr5	49961991	49962010	-	53.3	2	3	87
3	chr7	139598311	139598330	+	0.05814	2	3	87
4	chr8	45342919	45342938	+	0.05832	2	3	87
5	chr2	27771666	27771685	-	0.05875	2	3	87
0	chr12	35192359	35192378	-	53.66	3	3	87
1	chr8	102781112	102781131	-	53.5	3	3	87
2	chr5	49961991	49962010	-	53.3	3	3	87
3	chr7	139598311	139598330	+	0.05814	3	3	87
4	chr8	45342919	45342938	+	0.05832	3	3	87
5	chr2	27771666	27771685	-	0.05875	3	3	87
0	chr12	35192359	35192378	-	53.66	4	3	87
1	chr8	102781112	102781131	-	53.5	4	3	87
2	chr5	49961991	49962010	-	53.3	4	3	87
3	chr7	139598311	139598330	+	0.05814	4	3	87
4	chr8	45342919	45342938	+	0.05832	4	3	87
5	chr2	27771666	27771685	-	0.05875	4	3	87
0	chr12	35192359	35192378	-	53.66	5	3	87
1	chr8	102781112	102781131	-	53.5	5	3	87
2	chr5	49961991	49962010	-	53.3	5	3	87
3	chr7	139598311	139598330	+	0.05814	5	3	87
4	chr8	45342919	45342938	+	0.05832	5	3	87
5	chr2	27771666	27771685	-	0.05875	5	3	87
0	chr12	35192359	35192378	-	53.66	6	3	87
1	chr8	102781112	102781131	-	53.5	6	3	87
2	chr5	49961991	49962010	-	53.3	6	3	87
3	chr7	139598311	139598330	+	0.05814	6	3	87
4	chr8	45342919	45342938	+	0.05832	6	3	87
5	chr2	27771666	27771685	-	0.05875	6	3	87
0	chr12	35192359	35192378	-	53.66	7	3	87
1	chr8	102781112	102781131	-	53.5	7	3	87
2	chr5	49961991	49962010	-	53.3	7	3	87
3	chr7	139598311	139598330	+	0.05814	7	3	87
4	chr8	45342919	45342938	+	0.05832	7	3	87
5	chr2	27771666	27771685	-	0.05875	7	3	87
0	chr12	35192359	35192378	-	53.66	8	3	87
1	chr8	102781112	102781131	-	53.5	8	3	87
2	chr5	49961991	49962010	-	53.3	8	3	87
3	chr7	139598311	139598330	+	0.05814	8	3	87
4	chr8	45342919	45342938	+	0.05832	8	3	87
5	chr2	27771666	27771685	-	0.05875	8	3	87
0	chr12	35192359	35192378	-	53.66	9	3	87
1	chr8	102781112	102781131	-	53.5	9	3	87
2	chr5	49961991	49962010	-	53.3	9	3	87
3	chr7	139598311	139598330	+	0.05814	9	3	87
4	chr8	45342919	45342938	+	0.05832	9	3	87
5	chr2	27771666	27771685	-	0.05875	9	3	87
0	chr12	35192359	35192378	-	53.66	0	4	86
1	chr8	102781112	102781131	-	53.5	0	4	86
2	chr5	49961991	49962010	-	53.3	0	4	86
3	chr7	139598311	139598330	+	0.05814	0	4	86
4	chr8	45342919	45342938	+	0.05832	0	4	86
5	chr2	27771666	27771685	-	0.05875	0	4	86
0	chr12	35192359	35192378	-	53.66	1	4	86
1	chr8	102781112	102781131	-	53.5	1	4	86
2	chr5	49961991	49962010	-	53.3	1	4	86
3	chr7	139598311	139598330	+	0.05814	1	4	86
4	chr8	45342919	45342938	+	0.05832	1	4	86
5	chr2	27771666	27771685	-	0.05875	1	4	86
0	chr12	35192359	35192378	-	53.66	2	4	86
1	chr8	102781112	102781131	-	53.5	2	4	86
2	chr5	49961991	49962010	-	53.3	2	4	86
3	chr7	139598311	139598330	+	0.05814	2	4	86
4	chr8	45342919	45342938	+	0.05832	2	4	86
5	chr2	27771666	27771685	-	0.05875	2	4	86
0	chr12	35192359	35192378	-	53.66	3	4	86
1	chr8	102781112	102781131	-	53.5	3	4	86
2	chr5	49961991	49962010	-	53.3	3	4	86
3	chr7	139598311	139598330	+	0.05814	3	4	86
4	chr8	45342919	45342938	+	0.05832	3	4	86
5	chr2	27771666	27771685	-	0.05875	3	4	86
0	chr12	35192359	35192378	-	53.66	4	4	86
1	chr8	102781112	102781131	-	53.5	4	4	86
2	chr5	49961991	49962010	-	53.3	4	4	86
3	chr7	139598311	139598330	+	0.05814	4	4	86
4	chr8	45342919	45342938	+	0.05832	4	4	86
5	chr2	27771666	27771685	-	0.05875	4	4	86
0	chr12	35192359	35192378	-	53.66	5	4	86
1	chr8	102781112	102781131	-	53.5	5	4	86
2	chr5	49961991	49962010	-	53.3	5	4	86
3	chr7	139598311	139598330	+	0.05814	5	4	86
4	chr8	45342919	45342938	+	0.05832	5	4	86
5	chr2	27771666	27771685	-	0.05875	5	4	86
0	chr12	35192359	35192378	-	53.66	6	4	86
1	chr8	102781112	102781131	-	53.5	6	4	86
2	chr5	49961991	49962010	-	53.3	6	4	86
3	chr7	139598311	139598330	+	0.05814	6	4	86
4	chr8	45342919	45342938	+	0.05832	6	4	86
5	chr2	27771666	27771685	-	0.05875	6	4	86
0	chr12	35192359	35192378	-	53.66	7	4	86
1	chr8	102781112	102781131	-	53.5	7	4	86
2	chr5	49961991	49962010	-	53.3	7	4	86
3	chr7	139598311	139598330	+	0.05814	7	4	86
4	chr8	45342919	45342938	+	0.05832	7	4	86
5	chr2	27771666	27771685	-	0.05875	7	4	86
0	chr12	35192359	35192378	-	53.66	8	4	86
1	chr8	102781112	102781131	-	53.5	8	4	86
2	chr5	49961991	49962010	-	53.3	8	4	86
3	chr7	139598311	139598330	+	0.05814	8	4	86
4	chr8	45342919	45342938	+	0.05832	8	4	86
5	chr2	27771666	27771685	-	0.05875	8	4	86
0	chr12	35192359	35192378	-	53.66	9	4	86
1	chr8	102781112	102781131	-	53.5	9	4	86
2	chr5	49961991	49962010	-	53.3	9	4	86
3	chr7	139598311	139598330	+	0.05814	9	4	86
4	chr8	45342919	45342938	+	0.05832	9	4	86
5	chr2	27771666	27771685	-	0.05875	9	4	86
0	chr12	35192359	35192378	-	53.66	0	5	85
1	chr8	102781112	102781131	-	53.5	0	5	85
2	chr5	49961991	49962010	-	53.3	0	5	85
3	chr7	139598311	139598330	+	0.05814	0	5	85
4	chr8	45342919	45342938	+	0.05832	0	5	85
5	chr2	27771666	27771685	-	0.05875	0	5	85
0	chr12	35192359	35192378	-	53.66	1	5	85
1	chr8	102781112	102781131	-	53.5	1	5	85
2	chr5	49961991	49962010	-	53.3	1	5	85
3	chr7	139598311	139598330	+	0.05814	1	5	85
4	chr8	45342919	45342938	+	0.05832	1	5	85
5	chr2	27771666	27771685	-	0.05875	1	5	85
0	chr12	35192359	35192378	-	53.66	2	5	85
1	chr8	102781112	102781131	-	53.5	2	5	85
2	chr5	49961991	49962010	-	53.3	2	5	85
3	chr7	139598311	139598330	+	0.05814	2	5	85
4	chr8	45342919	45342938	+	0.05832	2	5	85
5	chr2	27771666	27771685	-	0.05875	2	5	85
0	chr12	35192359	35192378	-	53.66	3	5	85
1	chr8	102781112	102781131	-	53.5	3	5	85
2	chr5	49961991	49962010	-	53.3	3	5	85
3	chr7	139598311	139598330	+	0.05814	3	5	85
4	chr8	45342919	45342938	+	0.05832	3	5	85
5	chr2	27771666	27771685	-	0.05875	3	5	85
0	chr12	35192359	35192378	-	53.66	4	5	85
1	chr8	102781112	102781131	-	53.5	4	5	85
2	chr5	49961991	49962010	-	53.3	4	5	85
3	chr7	139598311	139598330	+	0.05814	4	5	85
4	chr8	45342919	45342938	+	0.05832	4	5	85
5	chr2	27771666	27771685	-	0.05875	4	5	85
0	chr12	35192359	35192378	-	53.66	5	5	85
1	chr8	102781112	102781131	-	53.5	5	5	85
2	chr5	49961991	49962010	-	53.3	5	5	85
3	chr7	139598311	139598330	+	0.05814	5	5	85
4	chr8	45342919	45342938	+	0.05832	5	5	85
5	chr2	27771666	27771685	-	0.05875	5	5	85
0	chr12	35192359	35192378	-	53.66	6	5	85
1	chr8	102781112	102781131	-	53.5	6	5	85
2	chr5	49961991	49962010	-	53.3	6	5	85
3	chr7	139598311	139598330	+	0.05814	6	5	85
4	chr8	45342919	45342938	+	0.05832	6	5	85
5	chr2	27771666	27771685	-	0.05875	6	5	85
0	chr12	35192359	35192378	-	53.66	7	5	85
1	chr8	102781112	102781131	-	53.5	7	5	85
2	chr5	49961991	49962010	-	53.3	7	5	85
3	chr7	139598311	139598330	+	0.05814	7	5	85
4	chr8	45342919	45342938	+	0.05832	7	5	85
5	chr2	27771666	27771685	-	0.05875	7	5	85
0	chr12	35192359	35192378	-	53.66	8	5	85
1	chr8	102781112	102781131	-	53.5	8	5	85
2	chr5	49961991	49962010	-	53.3	8	5	85
3	chr7	139598311	139598330	+	0.05814	8	5	85
4	chr8	45342919	45342938	+	0.05832	8	5	85
5	chr2	27771666	27771685	-	0.05875	8	5	85
0	chr12	35192359	35192378	-	53.66	9	5	85
1	chr8	102781112	102781131	-	53.5	9	5	85
2	chr5	49961991	49962010	-	53.3	9	5	85
3	chr7	139598311	139598330	+	0.05814	9	5	85
4	chr8	45342919	45342938	+	0.05832	9	5	85
5	chr2	27771666	27771685	-	0.05875	9	5	85
0	chr12	35192359	35192378	-	53.66	0	6	84
1	chr8	102781112	102781131	-	53.5	0	6	84
2	chr5	49961991	49962010	-	53.3	0	6	84
3	chr7	139598311	139598330	+	0.05814	0	6	84
4	chr8	45342919	45342938	+	0.05832	0	6	84
5	chr2	27771666	27771685	-	0.05875	0	6	84
0	chr12	35192359	35192378	-	53.66	1	6	84
1	chr8	102781112	102781131	-	53.5	1	6	84
2	chr5	49961991	49962010	-	53.3	1	6	84
3	chr7	139598311	139598330	+	0.05814	1	6	84
4	chr8	45342919	45342938	+	0.05832	1	6	84
5	chr2	27771666	27771685	-	0.05875	1	6	84
0	chr12	35192359	35192378	-	53.66	2	6	84
1	chr8	102781112	102781131	-	53.5	2	6	84
2	chr5	49961991	49962010	-	53.3	2	6	84
3	chr7	139598311	139598330	+	0.05814	2	6	84
4	chr8	45342919	45342938	+	0.05832	2	6	84
5	chr2	27771666	27771685	-	0.05875	2	6	84
0	chr12	35192359	35192378	-	53.66	3	6	84
1	chr8	102781112	102781131	-	53.5	3	6	84
2	chr5	49961991	49962010	-	53.3	3	6	84
3	chr7	139598311	139598330	+	0.05814	3	6	84
4	chr8	45342919	45342938	+	0.05832	3	6	84
5	chr2	27771666	27771685	-	0.05875	3	6	84
0	chr12	35192359	35192378	-	53.66	4	6	84
1	chr8	102781112	102781131	-	53.5	4	6	84
2	chr5	49961991	49962010	-	53.3	4	6	84
3	chr7	139598311	139598330	+	0.05814	4	6	84
4	chr8	45342919	45342938	+	0.05832	4	6	84
5	chr2	27771666	27771685	-	0.05875	4	6	84
0	chr12	35192359	35192378	-	53.66	5	6	84
1	chr8	102781112	102781131	-	53.5	5	6	84
2	chr5	49961991	49962010	-	53.3	5	6	84
3	chr7	139598311	139598330	+	0.05814	5	6	84
4	chr8	45342919	45342938	+	0.05832	5	6	84
5	chr2	27771666	27771685	-	0.05875	5	6	84
0	chr12	35192359	35192378	-	53.66	6	6	84
1	chr8	102781112	102781131	-	53.5	6	6	84
2	chr5	49961991	49962010	-	53.3	6	6	84
3	chr7	139598311	139598330	+	0.05814	6	6	84
4	chr8	45342919	45342938	+	0.05832	6	6	84
5	chr2	27771666	27771685	-	0.05875	6	6	84
0	chr12	35192359	35192378	-	53.66	7	6	84
1	chr8	102781112	102781131	-	53.5	7	6	84
2	chr5	49961991	49962010	-	53.3	7	6	84
3	chr7	139598311	139598330	+	0.05814	7	6	84
4	chr8	45342919	45342938	+	0.05832	7	6	84
5	chr2	27771666	27771685	-	0.05875	7	6	84
0	chr12	35192359	35192378	-	53.66	8	6	84
1	chr8	102781112	102781131	-	53.5	8	6	84
2	chr5	49961991	49962010	-	53.3	8	6	84
3	chr7	139598311	139598330	+	0.05814	8	6	84
4	chr8	45342919	45342938	+	0.05832	8	6	84
5	chr2	27771666	27771685	-	0.05875	8	6	84
0	chr12	35192359	35192378	-	53.66	9	6	84
1	chr8	102781112	102781131	-	53.5	9	6	84
2	chr5	49961991	49962010	-	53.3	9	6	84
3	chr7	139598311	139598330	+	0.05814	9	6	84
4	chr8	45342919	45342938	+	0.05832	9	6	84
5	chr2	27771666	27771685	-	0.05875	9	6	84
0	chr12	35192359	35192378	-	53.66	0	7	83
1	chr8	102781112	102781131	-	53.5	0	7	83
2	chr5	49961991	49962010	-	53.3	0	7	83
3	chr7	139598311	139598330	+	0.05814	0	7	83
4	chr8	45342919	45342938	+	0.05832	0	7	83
5	chr2	27771666	27771685	-	0.05875	0	7	83
0	chr12	35192359	35192378	-	53.66	1	7	83
1	chr8	102781112	102781131	-	53.5	1	7	83
2	chr5	49961991	49962010	-	53.3	1	7	83
3	chr7	139598311	139598330	+	0.05814	1	7	83
4	chr8	45342919	45342938	+	0.05832	1	7	83
5	chr2	27771666	27771685	-	0.05875	1	7	83
0	chr12	35192359	35192378	-	53.66	2	7	83
1	chr8	102781112	102781131	-	53.5	2	7	83
2	chr5	49961991	49962010	-	53.3	2	7	83
3	chr7	139598311	139598330	+	0.05814	2	7	83
4	chr8	45342919	45342938	+	0.05832	2	7	83
5	chr2	27771666	27771685	-	0.05875	2	7	83
0	chr12	35192359	35192378	-	53.66	3	7	83
1	chr8	102781112	102781131	-	53.5	3	7	83
2	chr5	49961991	49962010	-	53.3	3	7	83
3	chr7	139598311	139598330	+	0.05814	3	7	83
4	chr8	45342919	45342938	+	0.05832	3	7	83
5	chr2	27771666	27771685	-	0.05875	3	7	83
0	chr12	35192359	35192378	-	53.66	4	7	83
1	chr8	102781112	102781131	-	53.5	4	7	83
2	chr5	49961991	49962010	-	53.3	4	7	83
3	chr7	139598311	139598330	+	0.05814	4	7	83
4	chr8	45342919	45342938	+	0.05832	4	7	83
5	chr2	27771666	27771685	-	0.05875	4	7	83
0	chr12	35192359	35192378	-	53.66	5	7	83
1	chr8	102781112	102781131	-	53.5	5	7	83
2	chr5	49961991	49962010	-	53.3	5	7	83
3	chr7	139598311	139598330	+	0.05814	5	7	83
4	chr8	45342919	45342938	+	0.05832	5	7	83
5	chr2	27771666	27771685	-	0.05875	5	7	83
0	chr12	35192359	35192378	-	53.66	6	7	83
1	chr8	102781112	102781131	-	53.5	6	7	83
2	chr5	49961991	49962010	-	53.3	6	7	83
3	chr7	139598311	139598330	+	0.05814	6	7	83
4	chr8	45342919	45342938	+	0.05832	6	7	83
5	chr2	27771666	27771685	-	0.05875	6	7	83
0	chr12	35192359	35192378	-	53.66	7	7	83
1	chr8	102781112	102781131	-	53.5	7	7	83
2	chr5	49961991	49962010	-	53.3	7	7	83
3	chr7	139598311	139598330	+	0.05814	7	7	83
4	chr8	45342919	45342938	+	0.05832	7	7	83
5	chr2	27771666	27771685	-	0.05875	7	7	83
0	chr12	35192359	35192378	-	53.66	8	7	83
1	chr8	102781112	102781131	-	53.5	8	7	83
2	chr5	49961991	49962010	-	53.3	8	7	83
3	chr7	139598311	139598330	+	0.05814	8	7	83
4	chr8	45342919	45342938	+	0.05832	8	7	83
5	chr2	27771666	27771685	-	0.05875	8	7	83
0	chr12	35192359	35192378	-	53.66	9	7	83
1	chr8	102781112	102781131	-	53.5	9	7	83
2	chr5	49961991	49962010	-	53.3	9	7	83
3	chr7	139598311	139598330	+	0.05814	9	7	83
4	chr8	45342919	45342938	+	0.05832	9	7	83
5	chr2	27771666	27771685	-	0.05875	9	7	83
0	chr12	35192359	35192378	-	53.66	0	8	82
1	chr8	102781112	102781131	-	53.5	0	8	82
2	chr5	49961991	49962010	-	53.3	0	8	82
3	chr7	139598311	139598330	+	0.05814	0	8	82
4	chr8	45342919	45342938	+	0.05832	0	8	82
5	chr2	27771666	27771685	-	0.05875	0	8	82
0	chr12	35192359	35192378	-	53.66	1	8	82
1	chr8	102781112	102781131	-	53.5	1	8	82
2	chr5	49961991	49962010	-	53.3	1	8	82
3	chr7	139598311	139598330	+	0.05814	1	8	82
4	chr8	45342919	45342938	+	0.05832	1	8	82
5	chr2	27771666	27771685	-	0.05875	1	8	82
0	chr12	35192359	35192378	-	53.66	2	8	82
1	chr8	102781112	102781131	-	53.5	2	8	82
2	chr5	49961991	49962010	-	53.3	2	8	82
3	chr7	139598311	139598330	+	0.05814	2	8	82
4	chr8	45342919	45342938	+	0.05832	2	8	82
5	chr2	27771666	27771685	-	0.05875	2	8	82
0	chr12	35192359	35192378	-	53.66	3	8	82
1	chr8	102781112	102781131	-	53.5	3	8	82
2	chr5	49961991	49962010	-	53.3	3	8	82
3	chr7	139598311	139598330	+	0.05814	3	8	82
4	chr8	45342919	45342938	+	0.05832	3	8	82
5	chr2	27771666	27771685	-	0.05875	3	8	82
0	chr12	35192359	35192378	-	53.66	4	8	82
1	chr8	102781112	102781131	-	53.5	4	8	82
2	chr5	49961991	49962010	-	53.3	4	8	82
3	chr7	139598311	139598330	+	0.05814	4	8	82
4	chr8	45342919	45342938	+	0.05832	4	8	82
5	chr2	27771666	27771685	-	0.05875	4	8	82
0	chr12	35192359	35192378	-	53.66	5	8	82
1	chr8	102781112	102781131	-	53.5	5	8	82
2	chr5	49961991	49962010	-	53.3	5	8	82
3	chr7	139598311	139598330	+	0.05814	5	8	82
4	chr8	45342919	45342938	+	0.05832	5	8	82
5	chr2	27771666	27771685	-	0.05875	5	8	82
0	chr12	35192359	35192378	-	53.66	6	8	82
1	chr8	102781112	102781131	-	53.5	6	8	82
2	chr5	49961991	49962010	-	53.3	6	8	82
3	chr7	139598311	139598330	+	0.05814	6	8	82
4	chr8	45342919	45342938	+	0.05832	6	8	82
5	chr2	27771666	27771685	-	0.05875	6	8	82
0	chr12	35192359	35192378	-	53.66	7	8	82
1	chr8	102781112	102781131	-	53.5	7	8	82
2	chr5	49961991	49962010	-	53.3	7	8	82
3	chr7	139598311	139598330	+	0.05814	7	8	82
4	chr8	45342919	45342938	+	0.05832	7	8	82
5	chr2	27771666	27771685	-	0.05875	7	8	82
0	chr12	35192359	35192378	-	53.66	8	8	82
1	chr8	102781112	102781131	-	53.5	8	8	82
2	chr5	49961991	49962010	-	53.3	8	8	82
3	chr7	139598311	139598330	+	0.05814	8	8	82
4	chr8	45342919	45342938	+	0.05832	8	8	82
5	chr2	27771666	27771685	-	0.05875	8	8	82
0	chr12	35192359	35192378	-	53.66	9	8	82
1	chr8	102781112	102781131	-	53.5	9	8	82
2	chr5	49961991	49962010	-	53.3	9	8	82
3	chr7	139598311	139598330	+	0.05814	9	8	82
4	chr8	45342919	45342938	+	0.05832	9	8	82
5	chr2	27771666	27771685	-	0.05875	9	8	82
0	chr12	35192359	35192378	-	53.66	0	9	81
1	chr8	102781112	102781131	-	53.5	0	9	81
2	chr5	49961991	49962010	-	53.3	0	9	81
3	chr7	139598311	139598330	+	0.05814	0	9	81
4	chr8	45342919	45342938	+	0.05832	0	9	81
5	chr2	27771666	27771685	-	0.05875	0	9	81
0	chr12	35192359	35192378	-	53.66	1	9	81
1	chr8	102781112	102781131	-	53.5	1	9	81
2	chr5	49961991	49962010	-	53.3	1	9	81
3	chr7	139598311	139598330	+	0.05814	1	9	81
4	chr8	45342919	45342938	+	0.05832	1	9	81
5	chr2	27771666	27771685	-	0.05875	1	9	81
0	chr12	35192359	35192378	-	53.66	2	9	81
1	chr8	102781112	102781131	-	53.5	2	9	81
2	chr5	49961991	49962010	-	53.3	2	9	81
3	chr7	139598311	139598330	+	0.05814	2	9	81
4	chr8	45342919	45342938	+	0.05832	2	9	81
5	chr2	27771666	27771685	-	0.05875	2	9	81
0	chr12	35192359	35192378	-	53.66	3	9	81
1	chr8	102781112	102781131	-	53.5	3	9	81
2	chr5	49961991	49962010	-	53.3	3	9	81
3	chr7	139598311	139598330	+	0.05814	3	9	81
4	chr8	45342919	45342938	+	0.05832	3	9	81
5	chr2	27771666	27771685	-	0.05875	3	9	81
0	chr12	35192359	35192378	-	53.66	4	9	81
1	chr8	102781112	102781131	-	53.5	4	9	81
2	chr5	49961991	49962010	-	53.3	4	9	81
3	chr7	139598311	139598330	+	0.05814	4	9	81
4	chr8	45342919	45342938	+	0.05832	4	9	81
5	chr2	27771666	27771685	-	0.05875	4	9	81
0	chr12	35192359	35192378	-	53.66	5	9	81
1	chr8	102781112	102781131	-	53.5	5	9	81
2	chr5	49961991	49962010	-	53.3	5	9	81
3	chr7	139598311	139598330	+	0.05814	5	9	81
4	chr8	45342919	45342938	+	0.05832	5	9	81
5	chr2	27771666	27771685	-	0.05875	5	9	81
0	chr12	35192359	35192378	-	53.66	6	9	81
1	chr8	102781112	102781131	-	53.5	6	9	81
2	chr5	49961991	49962010	-	53.3	6	9	81
3	chr7	139598311	139598330	+	0.05814	6	9	81
4	chr8	45342919	45342938	+	0.05832	6	9	81
5	chr2	27771666	27771685	-	0.05875	6	9	81
0	chr12	35192359	35192378	-	53.66	7	9	81
1	chr8	102781112	102781131	-	53.5	7	9	81
2	chr5	49961991	49962010	-	53.3	7	9	81
3	chr7	139598311	139598330	+	0.05814	7	9	81
4	chr8	45342919	45342938	+	0.05832	7	9	81
5	chr2	27771666	27771685	-	0.05875	7	9	81
0	chr12	35192359	35192378	-	53.66	8	9	81
1	chr8	102781112	102781131	-	53.5	8	9	81
2	chr5	49961991	49962010	-	53.3	8	9	81
3	chr7	139598311	139598330	+	0.05814	8	9	81
4	chr8	45342919	45342938	+	0.05832	8	9	81
5	chr2	27771666	27771685	-	0.05875	8	9	81
0	chr12	35192359	35192378	-	53.66	9	9	81
1	chr8	102781112	102781131	-	53.5	9	9	81
2	chr5	49961991	49962010	-	53.3	9	9	81
3	chr7	139598311	139598330	+	0.05814	9	9	81
4	chr8	45342919	45342938	+	0.05832	9	9	81
5	chr2	27771666	27771685	-	0.05875	9	9	81
0	chr12	35192359	35192378	-	53.66	0	10	80
1	chr8	102781112	102781131	-	53.5	0	10	80
2	chr5	49961991	49962010	-	53.3	0	10	80
3	chr7	139598311	139598330	+	0.05814	0	10	80
4	chr8	45342919	45342938	+	0.05832	0	10	80
5	chr2	27771666	27771685	-	0.05875	0	10	80
0	chr12	35192359	35192378	-	53.66	1	10	80
1	chr8	102781112	102781131	-	53.5	1	10	80
2	chr5	49961991	49962010	-	53.3	1	10	80
3	chr7	139598311	139598330	+	0.05814	1	10	80
4	chr8	45342919	45342938	+	0.05832	1	10	80
5	chr2	27771666	27771685	-	0.05875	1	10	80
0	chr12	35192359	35192378	-	53.66	2	10	80
1	chr8	102781112	102781131	-	53.5	2	10	80
2	chr5	49961991	49962010	-	53.3	2	10	80
3	chr7	139598311	139598330	+	0.05814	2	10	80
4	chr8	45342919	45342938	+	0.05832	2	10	80
5	chr2	27771666	27771685	-	0.05875	2	10	80
0	chr12	35192359	35192378	-	53.66	3	10	80
1	chr8	102781112	102781131	-	53.5	3	10	80
2	chr5	49961991	49962010	-	53.3	3	10	80
3	chr7	139598311	139598330	+	0.05814	3	10	80
4	chr8	45342919	45342938	+	0.05832	3	10	80
5	chr2	27771666	27771685	-	0.05875	3	10	80
0	chr12	35192359	35192378	-	53.66	4	10	80
1	chr8	102781112	102781131	-	53.5	4	10	80
2	chr5	49961991	49962010	-	53.3	4	10	80
3	chr7	139598311	139598330	+	0.05814	4	10	80
4	chr8	45342919	45342938	+	0.05832	4	10	80
5	chr2	27771666	27771685	-	0.05875	4	10	80
0	chr12	35192359	35192378	-	53.66	5	10	80
1	chr8	102781112	102781131	-	53.5	5	10	80
2	chr5	49961991	49962010	-	53.3	5	10	80
3	chr7	139598311	139598330	+	0.05814	5	10	80
4	chr8	45342919	45342938	+	0.05832	5	10	80
5	chr2	27771666	27771685	-	0.05875	5	10	80
0	chr12	35192359	35192378	-	53.66	6	10	80
1	chr8	102781112	102781131	-	53.5	6	10	80
2	chr5	49961991	49962010	-	53.3	6	10	80
3	chr7	139598311	139598330	+	0.05814	6	10	80
4	chr8	45342919	45342938	+	0.05832	6	10	80
5	chr2	27771666	27771685	-	0.05875	6	10	80
0	chr12	35192359	35192378	-	53.66	7	10	80
1	chr8	102781112	102781131	-	53.5	7	10	80
2	chr5	49961991	49962010	-	53.3	7	10	80
3	chr7	139598311	139598330	+	0.05814	7	10	80
4	chr8	45342919	45342938	+	0.05832	7	10	80
5	chr2	27771666	27771685	-	0.05875	7	10	80
0	chr12	35192359	35192378	-	53.66	8	10	80
1	chr8	102781112	102781131	-	53.5	8	10	80
2	chr5	49961991	49962010	-	53.3	8	10	80
3	chr7	139598311	139598330	+	0.05814	8	10	80
4	chr8	45342919	45342938	+	0.05832	8	10	80
5	chr2	27771666	27771685	-	0.05875	8	10	80
0	chr12	35192359	35192378	-	53.66	9	10	80
1	chr8	102781112	102781131	-	53.5	9	10	80
2	chr5	49961991	49962010	-	53.3	9	10	80
3	chr7	139598311	139598330	+	0.05814	9	10	80
4	chr8	45342919	45342938	+	0.05832	9	10	80
5	chr2	27771666	27771685	-	0.05875	9	10	80
0	chr12	35192359	35192378	-	53.66	0	11	79
1	chr8	102781112	102781131	-	53.5	0	11	79
2	chr5	49961991	49962010	-	53.3	0	11	79
3	chr7	139598311	139598330	+	0.05814	0	11	79
4	chr8	45342919	45342938	+	0.05832	0	11	79
5	chr2	27771666	27771685	-	0.05875	0	11	79
0	chr12	35192359	35192378	-	53.66	1	11	79
1	chr8	102781112	102781131	-	53.5	1	11	79
2	chr5	49961991	49962010	-	53.3	1	11	79
3	chr7	139598311	139598330	+	0.05814	1	11	79
4	chr8	45342919	45342938	+	0.05832	1	11	79
5	chr2	27771666	27771685	-	0.05875	1	11	79
0	chr12	35192359	35192378	-	53.66	2	11	79
1	chr8	102781112	102781131	-	53.5	2	11	79
2	chr5	49961991	49962010	-	53.3	2	11	79
3	chr7	139598311	139598330	+	0.05814	2	11	79
4	chr8	45342919	45342938	+	0.05832	2	11	79
5	chr2	27771666	27771685	-	0.05875	2	11	79
0	chr12	35192359	35192378	-	53.66	3	11	79
1	chr8	102781112	102781131	-	53.5	3	11	79
2	chr5	49961991	49962010	-	53.3	3	11	79
3	chr7	139598311	139598330	+	0.05814	3	11	79
4	chr8	45342919	45342938	+	0.05832	3	11	79
5	chr2	27771666	27771685	-	0.05875	3	11	79
0	chr12	35192359	35192378	-	53.66	4	11	79
1	chr8	102781112	102781131	-	53.5	4	11	79
2	chr5	49961991	49962010	-	53.3	4	11	79
3	chr7	139598311	139598330	+	0.05814	4	11	79
4	chr8	45342919	45342938	+	0.05832	4	11	79
5	chr2	27771666	27771685	-	0.05875	4	11	79
0	chr12	35192359	35192378	-	53.66	5	11	79
1	chr8	102781112	102781131	-	53.5	5	11	79
2	chr5	49961991	49962010	-	53.3	5	11	79
3	chr7	139598311	139598330	+	0.05814	5	11	79
4	chr8	45342919	45342938	+	0.05832	5	11	79
5	chr2	27771666	27771685	-	0.05875	5	11	79
0	chr12	35192359	35192378	-	53.66	6	11	79
1	chr8	102781112	102781131	-	53.5	6	11	79
2	chr5	49961991	49962010	-	53.3	6	11	79
3	chr7	139598311	139598330	+	0.05814	6	11	79
4	chr8	45342919	45342938	+	0.05832	6	11	79
5	chr2	27771666	27771685	-	0.05875	6	11	79
0	chr12	35192359	35192378	-	53.66	7	11	79
1	chr8	102781112	102781131	-	53.5	7	11	79
2	chr5	49961991	49962010	-	53.3	7	11	79
3	chr7	139598311	139598330	+	0.05814	7	11	79
4	chr8	45342919	45342938	+	0.05832	7	11	79
5	chr2	27771666	27771685	-	0.05875	7	11	79
0	chr12	35192359	35192378	-	53.66	8	11	79
1	chr8	102781112	102781131	-	53.5	8	11	79
2	chr5	49961991	49962010	-	53.3	8	11	79
3	chr7	139598311	139598330	+	0.05814	8	11	79
4	chr8	45342919	45342938	+	0.05832	8	11	79
5	chr2	27771666	27771685	-	0.05875	8	11	79
0	chr12	35192359	35192378	-	53.66	9	11	79
1	chr8	102781112	102781131	-	53.5	9	11	79
2	chr5	49961991	49962010	-	53.3	9	11	79
3	chr7	139598311	139598330	+	0.05814	9	11	79
4	chr8	45342919	45342938	+	0.05832	9	11	79
5	chr2	27771666	27771685	-	0.05875	9	11	79
0	chr12	35192359	35192378	-	53.66	0	12	78
1	chr8	102781112	102781131	-	53.5	0	12	78
2	chr5	49961991	49962010	-	53.3	0	12	78
3	chr7	139598311	139598330	+	0.05814	0	12	78
4	chr8	45342919	45342938	+	0.05832	0	12	78
5	chr2	27771666	27771685	-	0.05875	0	12	78
0	chr12	35192359	35192378	-	53.66	1	12	78
1	chr8	102781112	102781131	-	53.5	1	12	78
2	chr5	49961991	49962010	-	53.3	1	12	78
3	chr7	139598311	139598330	+	0.05814	1	12	78
4	chr8	45342919	45342938	+	0.05832	1	12	78
5	chr2	27771666	27771685	-	0.05875	1	12	78
0	chr12	35192359	35192378	-	53.66	2	12	78
1	chr8	102781112	102781131	-	53.5	2	12	78
2	chr5	49961991	49962010	-	53.3	2	12	78
3	chr7	139598311	139598330	+	0.05814	2	12	78
4	chr8	45342919	45342938	+	0.05832	2	12	78
5	chr2	27771666	27771685	-	0.05875	2	12	78
0	chr12	35192359	35192378	-	53.66	3	12	78
1	chr8	102781112	102781131	-	53.5	3	12	78
2	chr5	49961991	49962010	-	53.3	3	12	78
3	chr7	139598311	139598330	+	0.05814	3	12	78
4	chr8	45342919	45342938	+	0.05832	3	12	78
5	chr2	27771666	27771685	-	0.05875	3	12	78
0	chr12	35192359	35192378	-	53.66	4	12	78
1	chr8	102781112	102781131	-	53.5	4	12	78
2	chr5	49961991	49962010	-	53.3	4	12	78
3	chr7	139598311	139598330	+	0.05814	4	12	78
4	chr8	45342919	45342938	+	0.05832	4	12	78
5	chr2	27771666	27771685	-	0.05875	4	12	78
0	chr12	35192359	35192378	-	53.66	5	12	78
1	chr8	102781112	102781131	-	53.5	5	12	78
2	chr5	49961991	49962010	-	53.3	5	12	78
3	chr7	139598311	139598330	+	0.05814	5	12	78
4	chr8	45342919	45342938	+	0.05832	5	12	78
5	chr2	27771666	27771685	-	0.05875	5	12	78
0	chr12	35192359	35192378	-	53.66	6	12	78
1	chr8	102781112	102781131	-	53.5	6	12	78
2	chr5	49961991	49962010	-	53.3	6	12	78
3	chr7	139598311	139598330	+	0.05814	6	12	78
4	chr8	45342919	45342938	+	0.05832	6	12	78
5	chr2	27771666	27771685	-	0.05875	6	12	78
0	chr12	35192359	35192378	-	53.66	7	12	78
1	chr8	102781112	102781131	-	53.5	7	12	78
2	chr5	49961991	49962010	-	53.3	7	12	78
3	chr7	139598311	139598330	+	0.05814	7	12	78
4	chr8	45342919	45342938	+	0.05832	7	12	78
5	chr2	27771666	27771685	-	0.05875	7	12	78
0	chr12	35192359	35192378	-	53.66	8	12	78
1	chr8	102781112	102781131	-	53.5	8	12	78
2	chr5	49961991	49962010	-	53.3	8	12	78
3	chr7	139598311	139598330	+	0.05814	8	12	78
4	chr8	45342919	45342938	+	0.05832	8	12	78
5	chr2	27771666	27771685	-	0.05875	8	12	78
0	chr12	35192359	35192378	-	53.66	9	12	78
1	chr8	102781112	102781131	-	53.5	9	12	78
2	chr5	49961991	49962010	-	53.3	9	12	78
3	chr7	139598311	139598330	+	0.05814	9	12	78
4	chr8	45342919	45342938	+	0.05832	9	12	78
5	chr2	27771666	27771685	-	0.05875	9	12	78
0	chr12	35192359	35192378	-	53.66	0	13	77
1	chr8	102781112	102781131	-	53.5	0	13	77
2	chr5	49961991	49962010	-	53.3	0	13	77
3	chr7	139598311	139598330	+	0.05814	0	13	77
4	chr8	45342919	45342938	+	0.05832	0	13	77
5	chr2	27771666	27771685	-	0.05875	0	13	77
0	chr12	35192359	35192378	-	53.66	1	13	77
1	chr8	102781112	102781131	-	53.5	1	13	77
2	chr5	49961991	49962010	-	53.3	1	13	77
3	chr7	139598311	139598330	+	0.05814	1	13	77
4	chr8	45342919	45342938	+	0.05832	1	13	77
5	chr2	27771666	27771685	-	0.05875	1	13	77
0	chr12	35192359	35192378	-	53.66	2	13	77
1	chr8	102781112	102781131	-	53.5	2	13	77
2	chr5	49961991	49962010	-	53.3	2	13	77
3	chr7	139598311	139598330	+	0.05814	2	13	77
4	chr8	45342919	45342938	+	0.05832	2	13	77
5	chr2	27771666	27771685	-	0.05875	2	13	77
0	chr12	35192359	35192378	-	53.66	3	13	77
1	chr8	102781112	102781131	-	53.5	3	13	77
2	chr5	49961991	49962010	-	53.3	3	13	77
3	chr7	139598311	139598330	+	0.05814	3	13	77
4	chr8	45342919	45342938	+	0.05832	3	13	77
5	chr2	27771666	27771685	-	0.05875	3	13	77
0	chr12	35192359	35192378	-	53.66	4	13	77
1	chr8	102781112	102781131	-	53.5	4	13	77
2	chr5	49961991	49962010	-	53.3	4	13	77
3	chr7	139598311	139598330	+	0.05814	4	13	77
4	chr8	45342919	45342938	+	0.05832	4	13	77
5	chr2	27771666	27771685	-	0.05875	4	13	77
0	chr12	35192359	35192378	-	53.66	5	13	77
1	chr8	102781112	102781131	-	53.5	5	13	77
2	chr5	49961991	49962010	-	53.3	5	13	77
3	chr7	139598311	139598330	+	0.05814	5	13	77
4	chr8	45342919	45342938	+	0.05832	5	13	77
5	chr2	27771666	27771685	-	0.05875	5	13	77
0	chr12	35192359	35192378	-	53.66	6	13	77
1	chr8	102781112	102781131	-	53.5	6	13	77
2	chr5	49961991	49962010	-	53.3	6	13	77
3	chr7	139598311	139598330	+	0.05814	6	13	77
4	chr8	45342919	45342938	+	0.05832	6	13	77
5	chr2	27771666	27771685	-	0.05875	6	13	77
0	chr12	35192359	35192378	-	53.66	7	13	77
1	chr8	102781112	102781131	-	53.5	7	13	77
2	chr5	49961991	49962010	-	53.3	7	13	77
3	chr7	139598311	139598330	+	0.05814	7	13	77
4	chr8	45342919	45342938	+	0.05832	7	13	77
5	chr2	27771666	27771685	-	0.05875	7	13	77
0	chr12	35192359	35192378	-	53.66	8	13	77
1	chr8	102781112	102781131	-	53.5	8	13	77
2	chr5	49961991	49962010	-	53.3	8	13	77
3	chr7	139598311	139598330	+	0.05814	8	13	77
4	chr8	45342919	45342938	+	0.05832	8	13	77
5	chr2	27771666	27771685	-	0.05875	8	13	77
0	chr12	35192359	35192378	-	53.66	9	13	77
1	chr8	102781112	102781131	-	53.5	9	13	77
2	chr5	49961991	49962010	-	53.3	9	13	77
3	chr7	139598311	139598330	+	0.05814	9	13	77
4	chr8	45342919	45342938	+	0.05832	9	13	77
5	chr2	27771666	27771685	-	0.05875	9	13	77
0	chr12	35192359	35192378	-	53.66	0	14	76
1	chr8	102781112	102781131	-	53.5	0	14	76
2	chr5	49961991	49962010	-	53.3	0	14	76
3	chr7	139598311	139598330	+	0.05814	0	14	76
4	chr8	45342919	45342938	+	0.05832	0	14	76
5	chr2	27771666	27771685	-	0.05875	0	14	76
0	chr12	35192359	35192378	-	53.66	1	14	76
1	chr8	102781112	102781131	-	53.5	1	14	76
2	chr5	49961991	49962010	-	53.3	1	14	76
3	chr7	139598311	139598330	+	0.05814	1	14	76
4	chr8	45342919	45342938	+	0.05832	1	14	76
5	chr2	27771666	27771685	-	0.05875	1	14	76
0	chr12	35192359	35192378	-	53.66	2	14	76
1	chr8	102781112	102781131	-	53.5	2	14	76
2	chr5	49961991	49962010	-	53.3	2	14	76
3	chr7	139598311	139598330	+	0.05814	2	14	76
4	chr8	45342919	45342938	+	0.05832	2	14	76
5	chr2	27771666	27771685	-	0.05875	2	14	76
0	chr12	35192359	35192378	-	53.66	3	14	76
1	chr8	102781112	102781131	-	53.5	3	14	76
2	chr5	49961991	49962010	-	53.3	3	14	76
3	chr7	139598311	139598330	+	0.05814	3	14	76
4	chr8	45342919	45342938	+	0.05832	3	14	76
5	chr2	27771666	27771685	-	0.05875	3	14	76
0	chr12	35192359	35192378	-	53.66	4	14	76
1	chr8	102781112	102781131	-	53.5	4	14	76
2	chr5	49961991	49962010	-	53.3	4	14	76
3	chr7	139598311	139598330	+	0.05814	4	14	76
4	chr8	45342919	45342938	+	0.05832	4	14	76
5	chr2	27771666	27771685	-	0.05875	4	14	76
0	chr12	35192359	35192378	-	53.66	5	14	76
1	chr8	102781112	102781131	-	53.5	5	14	76
2	chr5	49961991	49962010	-	53.3	5	14	76
3	chr7	139598311	139598330	+	0.05814	5	14	76
4	chr8	45342919	45342938	+	0.05832	5	14	76
5	chr2	27771666	27771685	-	0.05875	5	14	76
0	chr12	35192359	35192378	-	53.66	6	14	76
1	chr8	102781112	102781131	-	53.5	6	14	76
2	chr5	49961991	49962010	-	53.3	6	14	76
3	chr7	139598311	139598330	+	0.05814	6	14	76
4	chr8	45342919	45342938	+	0.05832	6	14	76
5	chr2	27771666	27771685	-	0.05875	6	14	76
0	chr12	35192359	35192378	-	53.66	7	14	76
1	chr8	102781112	102781131	-	53.5	7	14	76
2	chr5	49961991	49962010	-	53.3	7	14	76
3	chr7	139598311	139598330	+	0.05814	7	14	76
4	chr8	45342919	45342938	+	0.05832	7	14	76
5	chr2	27771666	27771685	-	0.05875	7	14	76
0	chr12	35192359	35192378	-	53.66	8	14	76
1	chr8	102781112	102781131	-	53.5	8	14	76
2	chr5	49961991	49962010	-	53.3	8	14	76
3	chr7	139598311	139598330	+	0.05814	8	14	76
4	chr8	45342919	45342938	+	0.05832	8	14	76
5	chr2	27771666	27771685	-	0.05875	8	14	76
0	chr12	35192359	35192378	-	53.66	9	14	76
1	chr8	102781112	102781131	-	53.5	9	14	76
2	chr5	49961991	49962010	-	53.3	9	14	76
3	chr7	139598311	139598330	+	0.05814	9	14	76
4	chr8	45342919	45342938	+	0.05832	9	14	76
5	chr2	27771666	27771685	-	0.05875	9	14	76
0	chr12	35192359	35192378	-	53.66	0	15	75
1	chr8	102781112	102781131	-	53.5	0	15	75
2	chr5	49961991	49962010	-	53.3	0	15	75
3	chr7	139598311	139598330	+	0.05814	0	15	75
4	chr8	45342919	45342938	+	0.05832	0	15	75
5	chr2	27771666	27771685	-	0.05875	0	15	75
0	chr12	35192359	35192378	-	53.66	1	15	75
1	chr8	102781112	102781131	-	53.5	1	15	75
2	chr5	49961991	49962010	-	53.3	1	15	75
3	chr7	139598311	139598330	+	0.05814	1	15	75
4	chr8	45342919	45342938	+	0.05832	1	15	75
5	chr2	27771666	27771685	-	0.05875	1	15	75
0	chr12	35192359	35192378	-	53.66	2	15	75
1	chr8	102781112	102781131	-	53.5	2	15	75
2	chr5	49961991	49962010	-	53.3	2	15	75
3	chr7	139598311	139598330	+	0.05814	2	15	75
4	chr8	45342919	45342938	+	0.05832	2	15	75
5	chr2	27771666	27771685	-	0.05875	2	15	75
0	chr12	35192359	35192378	-	53.66	3	15	75
1	chr8	102781112	102781131	-	53.5	3	15	75
2	chr5	49961991	49962010	-	53.3	3	15	75
3	chr7	139598311	139598330	+	0.05814	3	15	75
4	chr8	45342919	45342938	+	0.05832	3	15	75
5	chr2	27771666	27771685	-	0.05875	3	15	75
0	chr12	35192359	35192378	-	53.66	4	15	75
1	chr8	102781112	102781131	-	53.5	4	15	75
2	chr5	49961991	49962010	-	53.3	4	15	75
3	chr7	139598311	139598330	+	0.05814	4	15	75
4	chr8	45342919	45342938	+	0.05832	4	15	75
5	chr2	27771666	27771685	-	0.05875	4	15	75
0	chr12	35192359	35192378	-	53.66	5	15	75
1	chr8	102781112	102781131	-	53.5	5	15	75
2	chr5	49961991	49962010	-	53.3	5	15	75
3	chr7	139598311	139598330	+	0.05814	5	15	75
4	chr8	45342919	45342938	+	0.05832	5	15	75
5	chr2	27771666	27771685	-	0.05875	5	15	75
0	chr12	35192359	35192378	-	53.66	6	15	75
1	chr8	102781112	102781131	-	53.5	6	15	75
2	chr5	49961991	49962010	-	53.3	6	15	75
3	chr7	139598311	139598330	+	0.05814	6	15	75
4	chr8	45342919	45342938	+	0.05832	6	15	75
5	chr2	27771666	27771685	-	0.05875	6	15	75
0	chr12	35192359	35192378	-	53.66	7	15	75
1	chr8	102781112	102781131	-	53.5	7	15	75
2	chr5	49961991	49962010	-	53.3	7	15	75
3	chr7	139598311	139598330	+	0.05814	7	15	75
4	chr8	45342919	45342938	+	0.05832	7	15	75
5	chr2	27771666	27771685	-	0.05875	7	15	75
0	chr12	35192359	35192378	-	53.66	8	15	75
1	chr8	102781112	102781131	-	53.5	8	15	75
2	chr5	49961991	49962010	-	53.3	8	15	75
3	chr7	139598311	139598330	+	0.05814	8	15	75
4	chr8	45342919	45342938	+	0.05832	8	15	75
5	chr2	27771666	27771685	-	0.05875	8	15	75
0	chr12	35192359	35192378	-	53.66	9	15	75
1	chr8	102781112	102781131	-	53.5	9	15	75
2	chr5	49961991	49962010	-	53.3	9	15	75
3	chr7	139598311	139598330	+	0.05814	9	15	75
4	chr8	45342919	45342938	+	0.05832	9	15	75
5	chr2	27771666	27771685	-	0.05875	9	15	75
0	chr12	35192359	35192378	-	53.66	0	16	74
1	chr8	102781112	102781131	-	53.5	0	16	74
2	chr5	49961991	49962010	-	53.3	0	16	74
3	chr7	139598311	139598330	+	0.05814	0	16	74
4	chr8	45342919	45342938	+	0.05832	0	16	74
5	chr2	27771666	27771685	-	0.05875	0	16	74
0	chr12	35192359	35192378	-	53.66	1	16	74
1	chr8	102781112	102781131	-	53.5	1	16	74
2	chr5	49961991	49962010	-	53.3	1	16	74
3	chr7	139598311	139598330	+	0.05814	1	16	74
4	chr8	45342919	45342938	+	0.05832	1	16	74
5	chr2	27771666	27771685	-	0.05875	1	16	74
0	chr12	35192359	35192378	-	53.66	2	16	74
1	chr8	102781112	102781131	-	53.5	2	16	74
2	chr5	49961991	49962010	-	53.3	2	16	74
3	chr7	139598311	139598330	+	0.05814	2	16	74
4	chr8	45342919	45342938	+	0.05832	2	16	74
5	chr2	27771666	27771685	-	0.05875	2	16	74
0	chr12	35192359	35192378	-	53.66	3	16	74
1	chr8	102781112	102781131	-	53.5	3	16	74
2	chr5	49961991	49962010	-	53.3	3	16	74
3	chr7	139598311	139598330	+	0.05814	3	16	74
4	chr8	45342919	45342938	+	0.05832	3	16	74
5	chr2	27771666	27771685	-	0.05875	3	16	74
0	chr12	35192359	35192378	-	53.66	4	16	74
1	chr8	102781112	102781131	-	53.5	4	16	74
2	chr5	49961991	49962010	-	53.3	4	16	74
3	chr7	139598311	139598330	+	0.05814	4	16	74
4	chr8	45342919	45342938	+	0.05832	4	16	74
5	chr2	27771666	27771685	-	0.05875	4	16	74
0	chr12	35192359	35192378	-	53.66	5	16	74
1	chr8	102781112	102781131	-	53.5	5	16	74
2	chr5	49961991	49962010	-	53.3	5	16	74
3	chr7	139598311	139598330	+	0.05814	5	16	74
4	chr8	45342919	45342938	+	0.05832	5	16	74
5	chr2	27771666	27771685	-	0.05875	5	16	74
0	chr12	35192359	35192378	-	53.66	6	16	74
1	chr8	102781112	102781131	-	53.5	6	16	74
2	chr5	49961991	49962010	-	53.3	6	16	74
3	chr7	139598311	139598330	+	0.05814	6	16	74
4	chr8	45342919	45342938	+	0.05832	6	16	74
5	chr2	27771666	27771685	-	0.05875	6	16	74
0	chr12	35192359	35192378	-	53.66	7	16	74
1	chr8	102781112	102781131	-	53.5	7	16	74
2	chr5	49961991	49962010	-	53.3	7	16	74
3	chr7	139598311	139598330	+	0.05814	7	16	74
4	chr8	45342919	45342938	+	0.05832	7	16	74
5	chr2	27771666	27771685	-	0.05875	7	16	74
0	chr12	35192359	35192378	-	53.66	8	16	74
1	chr8	102781112	102781131	-	53.5	8	16	74
2	chr5	49961991	49962010	-	53.3	8	16	74
3	chr7	139598311	139598330	+	0.05814	8	16	74
4	chr8	45342919	45342938	+	0.05832	8	16	74
5	chr2	27771666	27771685	-	0.05875	8	16	74
0	chr12	35192359	35192378	-	53.66	9	16	74
1	chr8	102781112	102781131	-	53.5	9	16	74
2	chr5	49961991	49962010	-	53.3	9	16	74
3	chr7	139598311	139598330	+	0.05814	9	16	74
4	chr8	45342919	45342938	+	0.05832	9	16	74
5	chr2	27771666	27771685	-	0.05875	9	16	74
0	chr12	35192359	35192378	-	53.66	0	17	73
1	chr8	102781112	102781131	-	53.5	0	17	73
2	chr5	49961991	49962010	-	53.3	0	17	73
3	chr7	139598311	139598330	+	0.05814	0	17	73
4	chr8	45342919	45342938	+	0.05832	0	17	73
5	chr2	27771666	27771685	-	0.05875	0	17	73
0	chr12	35192359	35192378	-	53.66	1	17	73
1	chr8	102781112	102781131	-	53.5	1	17	73
2	chr5	49961991	49962010	-	53.3	1	17	73
3	chr7	139598311	139598330	+	0.05814	1	17	73
4	chr8	45342919	45342938	+	0.05832	1	17	73
5	chr2	27771666	27771685	-	0.05875	1	17	73
0	chr12	35192359	35192378	-	53.66	2	17	73
1	chr8	102781112	102781131	-	53.5	2	17	73
2	chr5	49961991	49962010	-	53.3	2	17	73
3	chr7	139598311	139598330	+	0.05814	2	17	73
4	chr8	45342919	45342938	+	0.05832	2	17	73
5	chr2	27771666	27771685	-	0.05875	2	17	73
0	chr12	35192359	35192378	-	53.66	3	17	73
1	chr8	102781112	102781131	-	53.5	3	17	73
2	chr5	49961991	49962010	-	53.3	3	17	73
3	chr7	139598311	139598330	+	0.05814	3	17	73
4	chr8	45342919	45342938	+	0.05832	3	17	73
5	chr2	27771666	27771685	-	0.05875	3	17	73
0	chr12	35192359	35192378	-	53.66	4	17	73
1	chr8	102781112	102781131	-	53.5	4	17	73
2	chr5	49961991	49962010	-	53.3	4	17	73
3	chr7	139598311	139598330	+	0.05814	4	17	73
4	chr8	45342919	45342938	+	0.05832	4	17	73
5	chr2	27771666	27771685	-	0.05875	4	17	73
0	chr12	35192359	35192378	-	53.66	5	17	73
1	chr8	102781112	102781131	-	53.5	5	17	73
2	chr5	49961991	49962010	-	53.3	5	17	73
3	chr7	139598311	139598330	+	0.05814	5	17	73
4	chr8	45342919	45342938	+	0.05832	5	17	73
5	chr2	27771666	27771685	-	0.05875	5	17	73
0	chr12	35192359	35192378	-	53.66	6	17	73
1	chr8	102781112	102781131	-	53.5	6	17	73
2	chr5	49961991	49962010	-	53.3	6	17	73
3	chr7	139598311	139598330	+	0.05814	6	17	73
4	chr8	45342919	45342938	+	0.05832	6	17	73
5	chr2	27771666	27771685	-	0.05875	6	17	73
0	chr12	35192359	35192378	-	53.66	7	17	73
1	chr8	102781112	102781131	-	53.5	7	17	73
2	chr5	49961991	49962010	-	53.3	7	17	73
3	chr7	139598311	139598330	+	0.05814	7	17	73
4	chr8	45342919	45342938	+	0.05832	7	17	73
5	chr2	27771666	27771685	-	0.05875	7	17	73
0	chr12	35192359	35192378	-	53.66	8	17	73
1	chr8	102781112	102781131	-	53.5	8	17	73
2	chr5	49961991	49962010	-	53.3	8	17	73
3	chr7	139598311	139598330	+	0.05814	8	17	73
4	chr8	45342919	45342938	+	0.05832	8	17	73
5	chr2	27771666	27771685	-	0.05875	8	17	73
0	chr12	35192359	35192378	-	53.66	9	17	73
1	chr8	102781112	102781131	-	53.5	9	17	73
2	chr5	49961991	49962010	-	53.3	9	17	73
3	chr7	139598311	139598330	+	0.05814	9	17	73
4	chr8	45342919	45342938	+	0.05832	9	17	73
5	chr2	27771666	27771685	-	0.05875	9	17	73
0	chr12	35192359	35192378	-	53.66	0	18	72
1	chr8	102781112	102781131	-	53.5	0	18	72
2	chr5	49961991	49962010	-	53.3	0	18	72
3	chr7	139598311	139598330	+	0.05814	0	18	72
4	chr8	45342919	45342938	+	0.05832	0	18	72
5	chr2	27771666	27771685	-	0.05875	0	18	72
0	chr12	35192359	35192378	-	53.66	1	18	72
1	chr8	102781112	102781131	-	53.5	1	18	72
2	chr5	49961991	49962010	-	53.3	1	18	72
3	chr7	139598311	139598330	+	0.05814	1	18	72
4	chr8	45342919	45342938	+	0.05832	1	18	72
5	chr2	27771666	27771685	-	0.05875	1	18	72
0	chr12	35192359	35192378	-	53.66	2	18	72
1	chr8	102781112	102781131	-	53.5	2	18	72
2	chr5	49961991	49962010	-	53.3	2	18	72
3	chr7	139598311	139598330	+	0.05814	2	18	72
4	chr8	45342919	45342938	+	0.05832	2	18	72
5	chr2	27771666	27771685	-	0.05875	2	18	72
0	chr12	35192359	35192378	-	53.66	3	18	72
1	chr8	102781112	102781131	-	53.5	3	18	72
2	chr5	49961991	49962010	-	53.3	3	18	72
3	chr7	139598311	139598330	+	0.05814	3	18	72
4	chr8	45342919	45342938	+	0.05832	3	18	72
5	chr2	27771666	27771685	-	0.05875	3	18	72
0	chr12	35192359	35192378	-	53.66	4	18	72
1	chr8	102781112	102781131	-	53.5	4	18	72
2	chr5	49961991	49962010	-	53.3	4	18	72
3	chr7	139598311	139598330	+	0.05814	4	18	72
4	chr8	45342919	45342938	+	0.05832	4	18	72
5	chr2	27771666	27771685	-	0.05875	4	18	72
0	chr12	35192359	35192378	-	53.66	5	18	72
1	chr8	102781112	102781131	-	53.5	5	18	72
2	chr5	49961991	49962010	-	53.3	5	18	72
3	chr7	139598311	139598330	+	0.05814	5	18	72
4	chr8	45342919	45342938	+	0.05832	5	18	72
5	chr2	27771666	27771685	-	0.05875	5	18	72
0	chr12	35192359	35192378	-	53.66	6	18	72
1	chr8	102781112	102781131	-	53.5	6	18	72
2	chr5	49961991	49962010	-	53.3	6	18	72
3	chr7	139598311	139598330	+	0.05814	6	18	72
4	chr8	45342919	45342938	+	0.05832	6	18	72
5	chr2	27771666	27771685	-	0.05875	6	18	72
0	chr12	35192359	35192378	-	53.66	7	18	72
1	chr8	102781112	102781131	-	53.5	7	18	72
2	chr5	49961991	49962010	-	53.3	7	18	72
3	chr7	139598311	139598330	+	0.05814	7	18	72
4	chr8	45342919	45342938	+	0.05832	7	18	72
5	chr2	27771666	27771685	-	0.05875	7	18	72
0	chr12	35192359	35192378	-	53.66	8	18	72
1	chr8	102781112	102781131	-	53.5	8	18	72
2	chr5	49961991	49962010	-	53.3	8	18	72
3	chr7	139598311	139598330	+	0.05814	8	18	72
4	chr8	45342919	45342938	+	0.05832	8	18	72
5	chr2	27771666	27771685	-	0.05875	8	18	72
0	chr12	35192359	35192378	-	53.66	9	18	72
1	chr8	102781112	102781131	-	53.5	9	18	72
2	chr5	49961991	49962010	-	53.3	9	18	72
3	chr7	139598311	139598330	+	0.05814	9	18	72
4	chr8	45342919	45342938	+	0.05832	9	18	72
5	chr2	27771666	27771685	-	0.05875	9	18	72
0	chr12	35192359	35192378	-	53.66	0	19	71
1	chr8	102781112	102781131	-	53.5	0	19	71
2	chr5	49961991	49962010	-	53.3	0	19	71
3	chr7	139598311	139598330	+	0.05814	0	19	71
4	chr8	45342919	45342938	+	0.05832	0	19	71
5	chr2	27771666	27771685	-	0.05875	0	19	71
0	chr12	35192359	35192378	-	53.66	1	19	71
1	chr8	102781112	102781131	-	53.5	1	19	71
2	chr5	49961991	49962010	-	53.3	1	19	71
3	chr7	139598311	139598330	+	0.05814	1	19	71
4	chr8	45342919	45342938	+	0.05832	1	19	71
5	chr2	27771666	27771685	-	0.05875	1	19	71
0	chr12	35192359	35192378	-	53.66	2	19	71
1	chr8	102781112	102781131	-	53.5	2	19	71
2	chr5	49961991	49962010	-	53.3	2	19	71
3	chr7	139598311	139598330	+	0.05814	2	19	71
4	chr8	45342919	45342938	+	0.05832	2	19	71
5	chr2	27771666	27771685	-	0.05875	2	19	71
0	chr12	35192359	35192378	-	53.66	3	19	71
1	chr8	102781112	102781131	-	53.5	3	19	71
2	chr5	49961991	49962010	-	53.3	3	19	71
3	chr7	139598311	139598330	+	0.05814	3	19	71
4	chr8	45342919	45342938	+	0.05832	3	19	71
5	chr2	27771666	27771685	-	0.05875	3	19	71
0	chr12	35192359	35192378	-	53.66	4	19	71
1	chr8	102781112	102781131	-	53.5	4	19	71
2	chr5	49961991	49962010	-	53.3	4	19	71
3	chr7	139598311	139598330	+	0.05814	4	19	71
4	chr8	45342919	45342938	+	0.05832	4	19	71
5	chr2	27771666	27771685	-	0.05875	4	19	71
0	chr12	35192359	35192378	-	53.66	5	19	71
1	chr8	102781112	102781131	-	53.5	5	19	71
2	chr5	49961991	49962010	-	53.3	5	19	71
3	chr7	139598311	139598330	+	0.05814	5	19	71
4	chr8	45342919	45342938	+	0.05832	5	19	71
5	chr2	27771666	27771685	-	0.05875	5	19	71
0	chr12	35192359	35192378	-	53.66	6	19	71
1	chr8	102781112	102781131	-	53.5	6	19	71
2	chr5	49961991	49962010	-	53.3	6	19	71
3	chr7	139598311	139598330	+	0.05814	6	19	71
4	chr8	45342919	45342938	+	0.05832	6	19	71
5	chr2	27771666	27771685	-	0.05875	6	19	71
0	chr12	35192359	35192378	-	53.66	7	19	71
1	chr8	102781112	102781131	-	53.5	7	19	71
2	chr5	49961991	49962010	-	53.3	7	19	71
3	chr7	139598311	139598330	+	0.05814	7	19	71
4	chr8	45342919	45342938	+	0.05832	7	19	71
5	chr2	27771666	27771685	-	0.05875	7	19	71
0	chr12	35192359	35192378	-	53.66	8	19	71
1	chr8	102781112	102781131	-	53.5	8	19	71
2	chr5	49961991	49962010	-	53.3	8	19	71
3	chr7	139598311	139598330	+	0.05814	8	19	71
4	chr8	45342919	45342938	+	0.05832	8	19	71
5	chr2	27771666	27771685	-	0.05875	8	19	71
0	chr12	35192359	35192378	-	53.66	9	19	71
1	chr8	102781112	102781131	-	53.5	9	19	71
2	chr5	49961991	49962010	-	53.3	9	19	71
3	chr7	139598311	139598330	+	0.05814	9	19	71
4	chr8	45342919	45342938	+	0.05832	9	19	71
5	chr2	27771666	27771685	-	0.05875	9	19	71
0	chr12	35192359	35192378	-	53.66	0	20	70
1	chr8	102781112	102781131	-	53.5	0	20	70
2	chr5	49961991	49962010	-	53.3	0	20	70
3	chr7	139598311	139598330	+	0.05814	0	20	70
4	chr8	45342919	45342938	+	0.05832	0	20	70
5	chr2	27771666	27771685	-	0.05875	0	20	70
0	chr12	35192359	35192378	-	53.66	1	20	70
1	chr8	102781112	102781131	-	53.5	1	20	70
2	chr5	49961991	49962010	-	53.3	1	20	70
3	chr7	139598311	139598330	+	0.05814	1	20	70
4	chr8	45342919	45342938	+	0.05832	1	20	70
5	chr2	27771666	27771685	-	0.05875	1	20	70
0	chr12	35192359	35192378	-	53.66	2	20	70
1	chr8	102781112	102781131	-	53.5	2	20	70
2	chr5	49961991	49962010	-	53.3	2	20	70
3	chr7	139598311	139598330	+	0.05814	2	20	70
4	chr8	45342919	45342938	+	0.05832	2	20	70
5	chr2	27771666	27771685	-	0.05875	2	20	70
0	chr12	35192359	35192378	-	53.66	3	20	70
1	chr8	102781112	102781131	-	53.5	3	20	70
2	chr5	49961991	49962010	-	53.3	3	20	70
3	chr7	139598311	139598330	+	0.05814	3	20	70
4	chr8	45342919	45342938	+	0.05832	3	20	70
5	chr2	27771666	27771685	-	0.05875	3	20	70
0	chr12	35192359	35192378	-	53.66	4	20	70
1	chr8	102781112	102781131	-	53.5	4	20	70
2	chr5	49961991	49962010	-	53.3	4	20	70
3	chr7	139598311	139598330	+	0.05814	4	20	70
4	chr8	45342919	45342938	+	0.05832	4	20	70
5	chr2	27771666	27771685	-	0.05875	4	20	70
0	chr12	35192359	35192378	-	53.66	5	20	70
1	chr8	102781112	102781131	-	53.5	5	20	70
2	chr5	49961991	49962010	-	53.3	5	20	70
3	chr7	139598311	139598330	+	0.05814	5	20	70
4	chr8	45342919	45342938	+	0.05832	5	20	70
5	chr2	27771666	27771685	-	0.05875	5	20	70
0	chr12	35192359	35192378	-	53.66	6	20	70
1	chr8	102781112	102781131	-	53.5	6	20	70
2	chr5	49961991	49962010	-	53.3	6	20	70
3	chr7	139598311	139598330	+	0.05814	6	20	70
4	chr8	45342919	45342938	+	0.05832	6	20	70
5	chr2	27771666	27771685	-	0.05875	6	20	70
0	chr12	35192359	35192378	-	53.66	7	20	70
1	chr8	102781112	102781131	-	53.5	7	20	70
2	chr5	49961991	49962010	-	53.3	7	20	70
3	chr7	139598311	139598330	+	0.05814	7	20	70
4	chr8	45342919	45342938	+	0.05832	7	20	70
5	chr2	27771666	27771685	-	0.05875	7	20	70
0	chr12	35192359	35192378	-	53.66	8	20	70
1	chr8	102781112	102781131	-	53.5	8	20	70
2	chr5	49961991	49962010	-	53.3	8	20	70
3	chr7	139598311	139598330	+	0.05814	8	20	70
4	chr8	45342919	45342938	+	0.05832	8	20	70
5	chr2	27771666	27771685	-	0.05875	8	20	70
0	chr12	35192359	35192378	-	53.66	9	20	70
1	chr8	102781112	102781131	-	53.5	9	20	70
2	chr5	49961991	49962010	-	53.3	9	20	70
3	chr7	139598311	139598330	+	0.05814	9	20	70
4	chr8	45342919	45342938	+	0.05832	9	20	70
5	chr2	27771666	27771685	-	0.05875	9	20	70
0	chr12	35192359	35192378	-	53.66	0	21	69
1	chr8	102781112	102781131	-	53.5	0	21	69
2	chr5	49961991	49962010	-	53.3	0	21	69
3	chr7	139598311	139598330	+	0.05814	0	21	69
4	chr8	45342919	45342938	+	0.05832	0	21	69
5	chr2	27771666	27771685	-	0.05875	0	21	69
0	chr12	35192359	35192378	-	53.66	1	21	69
1	chr8	102781112	102781131	-	53.5	1	21	69
2	chr5	49961991	49962010	-	53.3	1	21	69
3	chr7	139598311	139598330	+	0.05814	1	21	69
4	chr8	45342919	45342938	+	0.05832	1	21	69
5	chr2	27771666	27771685	-	0.05875	1	21	69
0	chr12	35192359	35192378	-	53.66	2	21	69
1	chr8	102781112	102781131	-	53.5	2	21	69
2	chr5	49961991	49962010	-	53.3	2	21	69
3	chr7	139598311	139598330	+	0.05814	2	21	69
4	chr8	45342919	45342938	+	0.05832	2	21	69
5	chr2	27771666	27771685	-	0.05875	2	21	69
0	chr12	35192359	35192378	-	53.66	3	21	69
1	chr8	102781112	102781131	-	53.5	3	21	69
2	chr5	49961991	49962010	-	53.3	3	21	69
3	chr7	139598311	139598330	+	0.05814	3	21	69
4	chr8	45342919	45342938	+	0.05832	3	21	69
5	chr2	27771666	27771685	-	0.05875	3	21	69
0	chr12	35192359	35192378	-	53.66	4	21	69
1	chr8	102781112	102781131	-	53.5	4	21	69
2	chr5	49961991	49962010	-	53.3	4	21	69
3	chr7	139598311	139598330	+	0.05814	4	21	69
4	chr8	45342919	45342938	+	0.05832	4	21	69
5	chr2	27771666	27771685	-	0.05875	4	21	69
0	chr12	35192359	35192378	-	53.66	5	21	69
1	chr8	102781112	102781131	-	53.5	5	21	69
2	chr5	49961991	49962010	-	53.3	5	21	69
3	chr7	139598311	139598330	+	0.05814	5	21	69
4	chr8	45342919	45342938	+	0.05832	5	21	69
5	chr2	27771666	27771685	-	0.05875	5	21	69
0	chr12	35192359	35192378	-	53.66	6	21	69
1	chr8	102781112	102781131	-	53.5	6	21	69
2	chr5	49961991	49962010	-	53.3	6	21	69
3	chr7	139598311	139598330	+	0.05814	6	21	69
4	chr8	45342919	45342938	+	0.05832	6	21	69
5	chr2	27771666	27771685	-	0.05875	6	21	69
0	chr12	35192359	35192378	-	53.66	7	21	69
1	chr8	102781112	102781131	-	53.5	7	21	69
2	chr5	49961991	49962010	-	53.3	7	21	69
3	chr7	139598311	139598330	+	0.05814	7	21	69
4	chr8	45342919	45342938	+	0.05832	7	21	69
5	chr2	27771666	27771685	-	0.05875	7	21	69
0	chr12	35192359	35192378	-	53.66	8	21	69
1	chr8	102781112	102781131	-	53.5	8	21	69
2	chr5	49961991	49962010	-	53.3	8	21	69
3	chr7	139598311	139598330	+	0.05814	8	21	69
4	chr8	45342919	45342938	+	0.05832	8	21	69
5	chr2	27771666	27771685	-	0.05875	8	21	69
0	chr12	35192359	35192378	-	53.66	9	21	69
1	chr8	102781112	102781131	-	53.5	9	21	69
2	chr5	49961991	49962010	-	53.3	9	21	69
3	chr7	139598311	139598330	+	0.05814	9	21	69
4	chr8	45342919	45342938	+	0.05832	9	21	69
5	chr2	27771666	27771685	-	0.05875	9	21	69
0	chr12	35192359	35192378	-	53.66	0	22	68
1	chr8	102781112	102781131	-	53.5	0	22	68
2	chr5	49961991	49962010	-	53.3	0	22	68
3	chr7	139598311	139598330	+	0.05814	0	22	68
4	chr8	45342919	45342938	+	0.05832	0	22	68
5	chr2	27771666	27771685	-	0.05875	0	22	68
0	chr12	35192359	35192378	-	53.66	1	22	68
1	chr8	102781112	102781131	-	53.5	1	22	68
2	chr5	49961991	49962010	-	53.3	1	22	68
3	chr7	139598311	139598330	+	0.05814	1	22	68
4	chr8	45342919	45342938	+	0.05832	1	22	68
5	chr2	27771666	27771685	-	0.05875	1	22	68
0	chr12	35192359	35192378	-	53.66	2	22	68
1	chr8	102781112	102781131	-	53.5	2	22	68
2	chr5	49961991	49962010	-	53.3	2	22	68
3	chr7	139598311	139598330	+	0.05814	2	22	68
4	chr8	45342919	45342938	+	0.05832	2	22	68
5	chr2	27771666	27771685	-	0.05875	2	22	68
0	chr12	35192359	35192378	-	53.66	3	22	68
1	chr8	102781112	102781131	-	53.5	3	22	68
2	chr5	49961991	49962010	-	53.3	3	22	68
3	chr7	139598311	139598330	+	0.05814	3	22	68
4	chr8	45342919	45342938	+	0.05832	3	22	68
5	chr2	27771666	27771685	-	0.05875	3	22	68
0	chr12	35192359	35192378	-	53.66	4	22	68
1	chr8	102781112	102781131	-	53.5	4	22	68
2	chr5	49961991	49962010	-	53.3	4	22	68
3	chr7	139598311	139598330	+	0.05814	4	22	68
4	chr8	45342919	45342938	+	0.05832	4	22	68
5	chr2	27771666	27771685	-	0.05875	4	22	68
0	chr12	35192359	35192378	-	53.66	5	22	68
1	chr8	102781112	102781131	-	53.5	5	22	68
2	chr5	49961991	49962010	-	53.3	5	22	68
3	chr7	139598311	139598330	+	0.05814	5	22	68
4	chr8	45342919	45342938	+	0.05832	5	22	68
5	chr2	27771666	27771685	-	0.05875	5	22	68
0	chr12	35192359	35192378	-	53.66	6	22	68
1	chr8	102781112	102781131	-	53.5	6	22	68
2	chr5	49961991	49962010	-	53.3	6	22	68
3	chr7	139598311	139598330	+	0.05814	6	22	68
4	chr8	45342919	45342938	+	0.05832	6	22	68
5	chr2	27771666	27771685	-	0.05875	6	22	68
0	chr12	35192359	35192378	-	53.66	7	22	68
1	chr8	102781112	102781131	-	53.5	7	22	68
2	chr5	49961991	49962010	-	53.3	7	22	68
3	chr7	139598311	139598330	+	0.05814	7	22	68
4	chr8	45342919	45342938	+	0.05832	7	22	68
5	chr2	27771666	27771685	-	0.05875	7	22	68
0	chr12	35192359	35192378	-	53.66	8	22	68
1	chr8	102781112	102781131	-	53.5	8	22	68
2	chr5	49961991	49962010	-	53.3	8	22	68
3	chr7	139598311	139598330	+	0.05814	8	22	68
4	chr8	45342919	45342938	+	0.05832	8	22	68
5	chr2	27771666	27771685	-	0.05875	8	22	68
0	chr12	35192359	35192378	-	53.66	9	22	68
1	chr8	102781112	102781131	-	53.5	9	22	68
2	chr5	49961991	49962010	-	53.3	9	22	68
3	chr7	139598311	139598330	+	0.05814	9	22	68
4	chr8	45342919	45342938	+	0.05832	9	22	68
5	chr2	27771666	27771685	-	0.05875	9	22	68
0	chr12	35192359	35192378	-	53.66	0	23	67
1	chr8	102781112	102781131	-	53.5	0	23	67
2	chr5	49961991	49962010	-	53.3	0	23	67
3	chr7	139598311	139598330	+	0.05814	0	23	67
4	chr8	45342919	45342938	+	0.05832	0	23	67
5	chr2	27771666	27771685	-	0.05875	0	23	67
0	chr12	35192359	35192378	-	53.66	1	23	67
1	chr8	102781112	102781131	-	53.5	1	23	67
2	chr5	49961991	49962010	-	53.3	1	23	67
3	chr7	139598311	139598330	+	0.05814	1	23	67
4	chr8	45342919	45342938	+	0.05832	1	23	67
5	chr2	27771666	27771685	-	0.05875	1	23	67
0	chr12	35192359	35192378	-	53.66	2	23	67
1	chr8	102781112	102781131	-	53.5	2	23	67
2	chr5	49961991	49962010	-	53.3	2	23	67
3	chr7	139598311	139598330	+	0.05814	2	23	67
4	chr8	45342919	45342938	+	0.05832	2	23	67
5	chr2	27771666	27771685	-	0.05875	2	23	67
0	chr12	35192359	35192378	-	53.66	3	23	67
1	chr8	102781112	102781131	-	53.5	3	23	67
2	chr5	49961991	49962010	-	53.3	3	23	67
3	chr7	139598311	139598330	+	0.05814	3	23	67
4	chr8	45342919	45342938	+	0.05832	3	23	67
5	chr2	27771666	27771685	-	0.05875	3	23	67
0	chr12	35192359	35192378	-	53.66	4	23	67
1	chr8	102781112	102781131	-	53.5	4	23	67
2	chr5	49961991	49962010	-	53.3	4	23	67
3	chr7	139598311	139598330	+	0.05814	4	23	67
4	chr8	45342919	45342938	+	0.05832	4	23	67
5	chr2	27771666	27771685	-	0.05875	4	23	67
0	chr12	35192359	35192378	-	53.66	5	23	67
1	chr8	102781112	102781131	-	53.5	5	23	67
2	chr5	49961991	49962010	-	53.3	5	23	67
3	chr7	139598311	139598330	+	0.05814	5	23	67
4	chr8	45342919	45342938	+	0.05832	5	23	67
5	chr2	27771666	27771685	-	0.05875	5	23	67
0	chr12	35192359	35192378	-	53.66	6	23	67
1	chr8	102781112	102781131	-	53.5	6	23	67
2	chr5	49961991	49962010	-	53.3	6	23	67
3	chr7	139598311	139598330	+	0.05814	6	23	67
4	chr8	45342919	45342938	+	0.05832	6	23	67
5	chr2	27771666	27771685	-	0.05875	6	23	67
0	chr12	35192359	35192378	-	53.66	7	23	67
1	chr8	102781112	102781131	-	53.5	7	23	67
2	chr5	49961991	49962010	-	53.3	7	23	67
3	chr7	139598311	139598330	+	0.05814	7	23	67
4	chr8	45342919	45342938	+	0.05832	7	23	67
5	chr2	27771666	27771685	-	0.05875	7	23	67
0	chr12	35192359	35192378	-	53.66	8	23	67
1	chr8	102781112	102781131	-	53.5	8	23	67
2	chr5	49961991	49962010	-	53.3	8	23	67
3	chr7	139598311	139598330	+	0.05814	8	23	67
4	chr8	45342919	45342938	+	0.05832	8	23	67
5	chr2	27771666	27771685	-	0.05875	8	23	67
0	chr12	35192359	35192378	-	53.66	9	23	67
1	chr8	102781112	102781131	-	53.5	9	23	67
2	chr5	49961991	49962010	-	53.3	9	23	67
3	chr7	139598311	139598330	+	0.05814	9	23	67
4	chr8	45342919	45342938	+	0.05832	9	23	67
5	chr2	27771666	27771685	-	0.05875	9	23	67
0	chr12	35192359	35192378	-	53.66	0	24	66
1	chr8	102781112	102781131	-	53.5	0	24	66
2	chr5	49961991	49962010	-	53.3	0	24	66
3	chr7	139598311	139598330	+	0.05814	0	24	66
4	chr8	45342919	45342938	+	0.05832	0	24	66
5	chr2	27771666	27771685	-	0.05875	0	24	66
0	chr12	35192359	35192378	-	53.66	1	24	66
1	chr8	102781112	102781131	-	53.5	1	24	66
2	chr5	49961991	49962010	-	53.3	1	24	66
3	chr7	139598311	139598330	+	0.05814	1	24	66
4	chr8	45342919	45342938	+	0.05832	1	24	66
5	chr2	27771666	27771685	-	0.05875	1	24	66
0	chr12	35192359	35192378	-	53.66	2	24	66
1	chr8	102781112	102781131	-	53.5	2	24	66
2	chr5	49961991	49962010	-	53.3	2	24	66
3	chr7	139598311	139598330	+	0.05814	2	24	66
4	chr8	45342919	45342938	+	0.05832	2	24	66
5	chr2	27771666	27771685	-	0.05875	2	24	66
0	chr12	35192359	35192378	-	53.66	3	24	66
1	chr8	102781112	102781131	-	53.5	3	24	66
2	chr5	49961991	49962010	-	53.3	3	24	66
3	chr7	139598311	139598330	+	0.05814	3	24	66
4	chr8	45342919	45342938	+	0.05832	3	24	66
5	chr2	27771666	27771685	-	0.05875	3	24	66
0	chr12	35192359	35192378	-	53.66	4	24	66
1	chr8	102781112	102781131	-	53.5	4	24	66
2	chr5	49961991	49962010	-	53.3	4	24	66
3	chr7	139598311	139598330	+	0.05814	4	24	66
4	chr8	45342919	45342938	+	0.05832	4	24	66
5	chr2	27771666	27771685	-	0.05875	4	24	66
0	chr12	35192359	35192378	-	53.66	5	24	66
1	chr8	102781112	102781131	-	53.5	5	24	66
2	chr5	49961991	49962010	-	53.3	5	24	66
3	chr7	139598311	139598330	+	0.05814	5	24	66
4	chr8	45342919	45342938	+	0.05832	5	24	66
5	chr2	27771666	27771685	-	0.05875	5	24	66
0	chr12	35192359	35192378	-	53.66	6	24	66
1	chr8	102781112	102781131	-	53.5	6	24	66
2	chr5	49961991	49962010	-	53.3	6	24	66
3	chr7	139598311	139598330	+	0.05814	6	24	66
4	chr8	45342919	45342938	+	0.05832	6	24	66
5	chr2	27771666	27771685	-	0.05875	6	24	66
0	chr12	35192359	35192378	-	53.66	7	24	66
1	chr8	102781112	102781131	-	53.5	7	24	66
2	chr5	49961991	49962010	-	53.3	7	24	66
3	chr7	139598311	139598330	+	0.05814	7	24	66
4	chr8	45342919	45342938	+	0.05832	7	24	66
5	chr2	27771666	27771685	-	0.05875	7	24	66
0	chr12	35192359	35192378	-	53.66	8	24	66
1	chr8	102781112	102781131	-	53.5	8	24	66
2	chr5	49961991	49962010	-	53.3	8	24	66
3	chr7	139598311	139598330	+	0.05814	8	24	66
4	chr8	45342919	45342938	+	0.05832	8	24	66
5	chr2	27771666	27771685	-	0.05875	8	24	66
0	chr12	35192359	35192378	-	53.66	9	24	66
1	chr8	102781112	102781131	-	53.5	9	24	66
2	chr5	49961991	49962010	-	53.3	9	24	66
3	chr7	139598311	139598330	+	0.05814	9	24	66
4	chr8	45342919	45342938	+	0.05832	9	24	66
5	chr2	27771666	27771685	-	0.05875	9	24	66
0	chr12	35192359	35192378	-	53.66	0	25	65
1	chr8	102781112	102781131	-	53.5	0	25	65
2	chr5	49961991	49962010	-	53.3	0	25	65
3	chr7	139598311	139598330	+	0.05814	0	25	65
4	chr8	45342919	45342938	+	0.05832	0	25	65
5	chr2	27771666	27771685	-	0.05875	0	25	65
0	chr12	35192359	35192378	-	53.66	1	25	65
1	chr8	102781112	102781131	-	53.5	1	25	65
2	chr5	49961991	49962010	-	53.3	1	25	65
3	chr7	139598311	139598330	+	0.05814	1	25	65
4	chr8	45342919	45342938	+	0.05832	1	25	65
5	chr2	27771666	27771685	-	0.05875	1	25	65
0	chr12	35192359	35192378	-	53.66	2	25	65
1	chr8	102781112	102781131	-	53.5	2	25	65
2	chr5	49961991	49962010	-	53.3	2	25	65
3	chr7	139598311	139598330	+	0.05814	2	25	65
4	chr8	45342919	45342938	+	0.05832	2	25	65
5	chr2	27771666	27771685	-	0.05875	2	25	65
0	chr12	35192359	35192378	-	53.66	3	25	65
1	chr8	102781112	102781131	-	53.5	3	25	65
2	chr5	49961991	49962010	-	53.3	3	25	65
3	chr7	139598311	139598330	+	0.05814	3	25	65
4	chr8	45342919	45342938	+	0.05832	3	25	65
5	chr2	27771666	27771685	-	0.05875	3	25	65
0	chr12	35192359	35192378	-	53.66	4	25	65
1	chr8	102781112	102781131	-	53.5	4	25	65
2	chr5	49961991	49962010	-	53.3	4	25	65
3	chr7	139598311	139598330	+	0.05814	4	25	65
4	chr8	45342919	45342938	+	0.05832	4	25	65
5	chr2	27771666	27771685	-	0.05875	4	25	65
0	chr12	35192359	35192378	-	53.66	5	25	65
1	chr8	102781112	102781131	-	53.5	5	25	65
2	chr5	49961991	49962010	-	53.3	5	25	65
3	chr7	139598311	139598330	+	0.05814	5	25	65
4	chr8	45342919	45342938	+	0.05832	5	25	65
5	chr2	27771666	27771685	-	0.05875	5	25	65
0	chr12	35192359	35192378	-	53.66	6	25	65
1	chr8	102781112	102781131	-	53.5	6	25	65
2	chr5	49961991	49962010	-	53.3	6	25	65
3	chr7	139598311	139598330	+	0.05814	6	25	65
4	chr8	45342919	45342938	+	0.05832	6	25	65
5	chr2	27771666	27771685	-	0.05875	6	25	65
0	chr12	35192359	35192378	-	53.66	7	25	65
1	chr8	102781112	102781131	-	53.5	7	25	65
2	chr5	49961991	49962010	-	53.3	7	25	65
3	chr7	139598311	139598330	+	0.05814	7	25	65
4	chr8	45342919	45342938	+	0.05832	7	25	65
5	chr2	27771666	27771685	-	0.05875	7	25	65
0	chr12	35192359	35192378	-	53.66	8	25	65
1	chr8	102781112	102781131	-	53.5	8	25	65
2	chr5	49961991	49962010	-	53.3	8	25	65
3	chr7	139598311	139598330	+	0.05814	8	25	65
4	chr8	45342919	45342938	+	0.05832	8	25	65
5	chr2	27771666	27771685	-	0.05875	8	25	65
0	chr12	35192359	35192378	-	53.66	9	25	65
1	chr8	102781112	102781131	-	53.5	9	25	65
2	chr5	49961991	49962010	-	53.3	9	25	65
3	chr7	139598311	139598330	+	0.05814	9	25	65
4	chr8	45342919	45342938	+	0.05832	9	25	65
5	chr2	27771666	27771685	-	0.05875	9	25	65
0	chr12	35192359	35192378	-	53.66	0	26	64
1	chr8	102781112	102781131	-	53.5	0	26	64
2	chr5	49961991	49962010	-	53.3	0	26	64
3	chr7	139598311	139598330	+	0.05814	0	26	64
4	chr8	45342919	45342938	+	0.05832	0	26	64
5	chr2	27771666	27771685	-	0.05875	0	26	64
0	chr12	35192359	35192378	-	53.66	1	26	64
1	chr8	102781112	102781131	-	53.5	1	26	64
2	chr5	49961991	49962010	-	53.3	1	26	64
3	chr7	139598311	139598330	+	0.05814	1	26	64
4	chr8	45342919	45342938	+	0.05832	1	26	64
5	chr2	27771666	27771685	-	0.05875	1	26	64
0	chr12	35192359	35192378	-	53.66	2	26	64
1	chr8	102781112	102781131	-	53.5	2	26	64
2	chr5	49961991	49962010	-	53.3	2	26	64
3	chr7	139598311	139598330	+	0.05814	2	26	64
4	chr8	45342919	45342938	+	0.05832	2	26	64
5	chr2	27771666	27771685	-	0.05875	2	26	64
0	chr12	35192359	35192378	-	53.66	3	26	64
1	chr8	102781112	102781131	-	53.5	3	26	64
2	chr5	49961991	49962010	-	53.3	3	26	64
3	chr7	139598311	139598330	+	0.05814	3	26	64
4	chr8	45342919	45342938	+	0.05832	3	26	64
5	chr2	27771666	27771685	-	0.05875	3	26	64
0	chr12	35192359	35192378	-	53.66	4	26	64
1	chr8	102781112	102781131	-	53.5	4	26	64
2	chr5	49961991	49962010	-	53.3	4	26	64
3	chr7	139598311	139598330	+	0.05814	4	26	64
4	chr8	45342919	45342938	+	0.05832	4	26	64
5	chr2	27771666	27771685	-	0.05875	4	26	64
0	chr12	35192359	35192378	-	53.66	5	26	64
1	chr8	102781112	102781131	-	53.5	5	26	64
2	chr5	49961991	49962010	-	53.3	5	26	64
3	chr7	139598311	139598330	+	0.05814	5	26	64
4	chr8	45342919	45342938	+	0.05832	5	26	64
5	chr2	27771666	27771685	-	0.05875	5	26	64
0	chr12	35192359	35192378	-	53.66	6	26	64
1	chr8	102781112	102781131	-	53.5	6	26	64
2	chr5	49961991	49962010	-	53.3	6	26	64
3	chr7	139598311	139598330	+	0.05814	6	26	64
4	chr8	45342919	45342938	+	0.05832	6	26	64
5	chr2	27771666	27771685	-	0.05875	6	26	64
0	chr12	35192359	35192378	-	53.66	7	26	64
1	chr8	102781112	102781131	-	53.5	7	26	64
2	chr5	49961991	49962010	-	53.3	7	26	64
3	chr7	139598311	139598330	+	0.05814	7	26	64
4	chr8	45342919	45342938	+	0.05832	7	26	64
5	chr2	27771666	27771685	-	0.05875	7	26	64
0	chr12	35192359	35192378	-	53.66	8	26	64
1	chr8	102781112	102781131	-	53.5	8	26	64
2	chr5	49961991	49962010	-	53.3	8	26	64
3	chr7	139598311	139598330	+	0.05814	8	26	64
4	chr8	45342919	45342938	+	0.05832	8	26	64
5	chr2	27771666	27771685	-	0.05875	8	26	64
0	chr12	35192359	35192378	-	53.66	9	26	64
1	chr8	102781112	102781131	-	53.5	9	26	64
2	chr5	49961991	49962010	-	53.3	9	26	64
3	chr7	139598311	139598330	+	0.05814	9	26	64
4	chr8	45342919	45342938	+	0.05832	9	26	64
5	chr2	27771666	27771685	-	0.05875	9	26	64
0	chr12	35192359	35192378	-	53.66	0	27	63
1	chr8	102781112	102781131	-	53.5	0	27	63
2	chr5	49961991	49962010	-	53.3	0	27	63
3	chr7	139598311	139598330	+	0.05814	0	27	63
4	chr8	45342919	45342938	+	0.05832	0	27	63
5	chr2	27771666	27771685	-	0.05875	0	27	63
0	chr12	35192359	35192378	-	53.66	1	27	63
1	chr8	102781112	102781131	-	53.5	1	27	63
2	chr5	49961991	49962010	-	53.3	1	27	63
3	chr7	139598311	139598330	+	0.05814	1	27	63
4	chr8	45342919	45342938	+	0.05832	1	27	63
5	chr2	27771666	27771685	-	0.05875	1	27	63
0	chr12	35192359	35192378	-	53.66	2	27	63
1	chr8	102781112	102781131	-	53.5	2	27	63
2	chr5	49961991	49962010	-	53.3	2	27	63
3	chr7	139598311	139598330	+	0.05814	2	27	63
4	chr8	45342919	45342938	+	0.05832	2	27	63
5	chr2	27771666	27771685	-	0.05875	2	27	63
0	chr12	35192359	35192378	-	53.66	3	27	63
1	chr8	102781112	102781131	-	53.5	3	27	63
2	chr5	49961991	49962010	-	53.3	3	27	63
3	chr7	139598311	139598330	+	0.05814	3	27	63
4	chr8	45342919	45342938	+	0.05832	3	27	63
5	chr2	27771666	27771685	-	0.05875	3	27	63
0	chr12	35192359	35192378	-	53.66	4	27	63
1	chr8	102781112	102781131	-	53.5	4	27	63
2	chr5	49961991	49962010	-	53.3	4	27	63
3	chr7	139598311	139598330	+	0.05814	4	27	63
4	chr8	45342919	45342938	+	0.05832	4	27	63
5	chr2	27771666	27771685	-	0.05875	4	27	63
0	chr12	35192359	35192378	-	53.66	5	27	63
1	chr8	102781112	102781131	-	53.5	5	27	63
2	chr5	49961991	49962010	-	53.3	5	27	63
3	chr7	139598311	139598330	+	0.05814	5	27	63
4	chr8	45342919	45342938	+	0.05832	5	27	63
5	chr2	27771666	27771685	-	0.05875	5	27	63
0	chr12	35192359	35192378	-	53.66	6	27	63
1	chr8	102781112	102781131	-	53.5	6	27	63
2	chr5	49961991	49962010	-	53.3	6	27	63
3	chr7	139598311	139598330	+	0.05814	6	27	63
4	chr8	45342919	45342938	+	0.05832	6	27	63
5	chr2	27771666	27771685	-	0.05875	6	27	63
0	chr12	35192359	35192378	-	53.66	7	27	63
1	chr8	102781112	102781131	-	53.5	7	27	63
2	chr5	49961991	49962010	-	53.3	7	27	63
3	chr7	139598311	139598330	+	0.05814	7	27	63
4	chr8	45342919	45342938	+	0.05832	7	27	63
5	chr2	27771666	27771685	-	0.05875	7	27	63
0	chr12	35192359	35192378	-	53.66	8	27	63
1	chr8	102781112	102781131	-	53.5	8	27	63
2	chr5	49961991	49962010	-	53.3	8	27	63
3	chr7	139598311	139598330	+	0.05814	8	27	63
4	chr8	45342919	45342938	+	0.05832	8	27	63
5	chr2	27771666	27771685	-	0.05875	8	27	63
0	chr12	35192359	35192378	-	53.66	9	27	63
1	chr8	102781112	102781131	-	53.5	9	27	63
2	chr5	49961991	49962010	-	53.3	9	27	63
3	chr7	139598311	139598330	+	0.05814	9	27	63
4	chr8	45342919	45342938	+	0.05832	9	27	63
5	chr2	27771666	27771685	-	0.05875	9	27	63
0	chr12	35192359	35192378	-	53.66	0	28	62
1	chr8	102781112	102781131	-	53.5	0	28	62
2	chr5	49961991	49962010	-	53.3	0	28	62
3	chr7	139598311	139598330	+	0.05814	0	28	62
4	chr8	45342919	45342938	+	0.05832	0	28	62
5	chr2	27771666	27771685	-	0.05875	0	28	62
0	chr12	35192359	35192378	-	53.66	1	28	62
1	chr8	102781112	102781131	-	53.5	1	28	62
2	chr5	49961991	49962010	-	53.3	1	28	62
3	chr7	139598311	139598330	+	0.05814	1	28	62
4	chr8	45342919	45342938	+	0.05832	1	28	62
5	chr2	27771666	27771685	-	0.05875	1	28	62
0	chr12	35192359	35192378	-	53.66	2	28	62
1	chr8	102781112	102781131	-	53.5	2	28	62
2	chr5	49961991	49962010	-	53.3	2	28	62
3	chr7	139598311	139598330	+	0.05814	2	28	62
4	chr8	45342919	45342938	+	0.05832	2	28	62
5	chr2	27771666	27771685	-	0.05875	2	28	62
0	chr12	35192359	35192378	-	53.66	3	28	62
1	chr8	102781112	102781131	-	53.5	3	28	62
2	chr5	49961991	49962010	-	53.3	3	28	62
3	chr7	139598311	139598330	+	0.05814	3	28	62
4	chr8	45342919	45342938	+	0.05832	3	28	62
5	chr2	27771666	27771685	-	0.05875	3	28	62
0	chr12	35192359	35192378	-	53.66	4	28	62
1	chr8	102781112	102781131	-	53.5	4	28	62
2	chr5	49961991	49962010	-	53.3	4	28	62
3	chr7	139598311	139598330	+	0.05814	4	28	62
4	chr8	45342919	45342938	+	0.05832	4	28	62
5	chr2	27771666	27771685	-	0.05875	4	28	62
0	chr12	35192359	35192378	-	53.66	5	28	62
1	chr8	102781112	102781131	-	53.5	5	28	62
2	chr5	49961991	49962010	-	53.3	5	28	62
3	chr7	139598311	139598330	+	0.05814	5	28	62
4	chr8	45342919	45342938	+	0.05832	5	28	62
5	chr2	27771666	27771685	-	0.05875	5	28	62
0	chr12	35192359	35192378	-	53.66	6	28	62
1	chr8	102781112	102781131	-	53.5	6	28	62
2	chr5	49961991	49962010	-	53.3	6	28	62
3	chr7	139598311	139598330	+	0.05814	6	28	62
4	chr8	45342919	45342938	+	0.05832	6	28	62
5	chr2	27771666	27771685	-	0.05875	6	28	62
0	chr12	35192359	35192378	-	53.66	7	28	62
1	chr8	102781112	102781131	-	53.5	7	28	62
2	chr5	49961991	49962010	-	53.3	7	28	62
3	chr7	139598311	139598330	+	0.05814	7	28	62
4	chr8	45342919	45342938	+	0.05832	7	28	62
5	chr2	27771666	27771685	-	0.05875	7	28	62
0	chr12	35192359	35192378	-	53.66	8	28	62
1	chr8	102781112	102781131	-	53.5	8	28	62
2	chr5	49961991	49962010	-	53.3	8	28	62
3	chr7	139598311	139598330	+	0.05814	8	28	62
4	chr8	45342919	45342938	+	0.05832	8	28	62
5	chr2	27771666	27771685	-	0.05875	8	28	62
0	chr12	35192359	35192378	-	53.66	9	28	62
1	chr8	102781112	102781131	-	53.5	9	28	62
2	chr5	49961991	49962010	-	53.3	9	28	62
3	chr7	139598311	139598330	+	0.05814	9	28	62
4	chr8	45342919	45342938	+	0.05832	9	28	62
5	chr2	27771666	27771685	-	0.05875	9	28	62
0	chr12	35192359	35192378	-	53.66	0	29	61
1	chr8	102781112	102781131	-	53.5	0	29	61
2	chr5	49961991	49962010	-	53.3	0	29	61
3	chr7	139598311	139598330	+	0.05814	0	29	61
4	chr8	45342919	45342938	+	0.05832	0	29	61
5	chr2	27771666	27771685	-	0.05875	0	29	61
0	chr12	35192359	35192378	-	53.66	1	29	61
1	chr8	102781112	102781131	-	53.5	1	29	61
2	chr5	49961991	49962010	-	53.3	1	29	61
3	chr7	139598311	139598330	+	0.05814	1	29	61
4	chr8	45342919	45342938	+	0.05832	1	29	61
5	chr2	27771666	27771685	-	0.05875	1	29	61
0	chr12	35192359	35192378	-	53.66	2	29	61
1	chr8	102781112	102781131	-	53.5	2	29	61
2	chr5	49961991	49962010	-	53.3	2	29	61
3	chr7	139598311	139598330	+	0.05814	2	29	61
4	chr8	45342919	45342938	+	0.05832	2	29	61
5	chr2	27771666	27771685	-	0.05875	2	29	61
0	chr12	35192359	35192378	-	53.66	3	29	61
1	chr8	102781112	102781131	-	53.5	3	29	61
2	chr5	49961991	49962010	-	53.3	3	29	61
3	chr7	139598311	139598330	+	0.05814	3	29	61
4	chr8	45342919	45342938	+	0.05832	3	29	61
5	chr2	27771666	27771685	-	0.05875	3	29	61
0	chr12	35192359	35192378	-	53.66	4	29	61
1	chr8	102781112	102781131	-	53.5	4	29	61
2	chr5	49961991	49962010	-	53.3	4	29	61
3	chr7	139598311	139598330	+	0.05814	4	29	61
4	chr8	45342919	45342938	+	0.05832	4	29	61
5	chr2	27771666	27771685	-	0.05875	4	29	61
0	chr12	35192359	35192378	-	53.66	5	29	61
1	chr8	102781112	102781131	-	53.5	5	29	61
2	chr5	49961991	49962010	-	53.3	5	29	61
3	chr7	139598311	139598330	+	0.05814	5	29	61
4	chr8	45342919	45342938	+	0.05832	5	29	61
5	chr2	27771666	27771685	-	0.05875	5	29	61
0	chr12	35192359	35192378	-	53.66	6	29	61
1	chr8	102781112	102781131	-	53.5	6	29	61
2	chr5	49961991	49962010	-	53.3	6	29	61
3	chr7	139598311	139598330	+	0.05814	6	29	61
4	chr8	45342919	45342938	+	0.05832	6	29	61
5	chr2	27771666	27771685	-	0.05875	6	29	61
0	chr12	35192359	35192378	-	53.66	7	29	61
1	chr8	102781112	102781131	-	53.5	7	29	61
2	chr5	49961991	49962010	-	53.3	7	29	61
3	chr7	139598311	139598330	+	0.05814	7	29	61
4	chr8	45342919	45342938	+	0.05832	7	29	61
5	chr2	27771666	27771685	-	0.05875	7	29	61
0	chr12	35192359	35192378	-	53.66	8	29	61
1	chr8	102781112	102781131	-	53.5	8	29	61
2	chr5	49961991	49962010	-	53.3	8	29	61
3	chr7	139598311	139598330	+	0.05814	8	29	61
4	chr8	45342919	45342938	+	0.05832	8	29	61
5	chr2	27771666	27771685	-	0.05875	8	29	61
0	chr12	35192359	35192378	-	53.66	9	29	61
1	chr8	102781112	102781131	-	53.5	9	29	61
2	chr5	49961991	49962010	-	53.3	9	29	61
3	chr7	139598311	139598330	+	0.05814	9	29	61
4	chr8	45342919	45342938	+	0.05832	9	29	61
5	chr2	27771666	27771685	-	0.05875	9	29	61
