,chrom,start,end
0,NT_166305.2,1793375,1794382
1,NT_166305.2,1794383,1795382
2,NT_166305.2,5518424,5519427
3,NT_166305.2,5519428,5520427
4,NT_187003.1,1774081,1775084
5,NT_187003.1,1833963,1834963
6,NT_187003.1,1863899,1864898
7,NT_187003.1,2108788,2109776
8,NT_187003.1,2207746,2208750
9,NT_187004.1,1781,2780
10,NT_187004.1,2272261,2273260
11,NT_187004.1,4352364,4353363
12,NT_187023.1,644467,645466
13,NT_187023.1,1989298,1990269
14,NT_187023.1,1997270,1998269
15,NT_187023.1,1998270,1999269
16,NT_187023.1,2489962,2490961
17,NT_187027.1,1781,2780
18,NT_187027.1,1816253,1817253
19,NT_187027.1,1817254,1818253
20,NT_187027.1,2248639,2249638
21,NW_016097322.1,207312,208311
22,NW_019168508.1,82124,83123
23,NW_019168508.1,178124,179123
24,NW_019168508.1,183124,184123
25,NW_019168508.1,247124,248123
26,NW_019168509.1,9764,10763
27,NW_019168509.1,15764,16763
28,NW_019168509.1,16764,17763
29,NW_019168526.1,93050,94049
30,chr1,4853920,4854919
31,chr1,4969920,4970919
32,chr1,6457920,6458919
33,chr1,11277920,11278919
34,chr1,11501920,11502919
35,chr1,12743920,12744919
36,chr1,12744920,12745919
37,chr1,13083920,13084919
38,chr1,13084920,13085919
39,chr1,20866920,20867919
40,chr1,33940156,33941155
41,chr1,34073156,34074155
42,chr1,34103156,34104155
43,chr1,34110156,34111155
44,chr1,35232156,35233155
45,chr1,35944156,35945155
46,chr1,36014156,36015155
47,chr1,36054156,36055155
48,chr1,36061156,36062155
49,chr1,36985156,36986155
50,chr1,36987156,36988155
51,chr1,51536157,51537156
52,chr1,52953157,52954156
53,chr1,54484157,54485156
54,chr1,54485157,54486156
55,chr1,56697157,56698156
56,chr1,58949157,58950156
57,chr1,59448157,59449156
58,chr1,59449157,59450156
59,chr1,59487157,59488156
60,chr1,60850157,60851156
61,chr1,60851157,60852156
62,chr1,62181427,62182426
63,chr1,62767427,62768426
64,chr1,63137427,63138426
65,chr1,63138427,63139426
66,chr1,71672427,71673426
67,chr1,72213427,72214426
68,chr1,72228427,72229426
69,chr1,74824427,74825426
70,chr1,75804426,75805425
71,chr1,77453426,77454425
72,chr1,77472426,77473425
73,chr1,84176426,84177425
74,chr1,86187426,86188425
75,chr1,86310426,86311425
76,chr1,87226426,87227425
77,chr1,89870426,89871425
78,chr1,100877424,100878423
79,chr1,118508424,118509423
80,chr1,118647424,118648423
81,chr1,119075424,119076423
82,chr1,119398424,119399423
83,chr1,127783424,127784423
84,chr1,128392424,128393423
85,chr1,128859424,128860423
86,chr1,131889424,131890423
87,chr1,131890424,131891423
88,chr1,132200424,132201423
89,chr1,132470424,132471423
90,chr1,133019424,133020423
91,chr1,134534424,134535423
92,chr1,135174424,135175423
93,chr1,135553424,135554423
94,chr1,136570424,136571423
95,chr1,136627424,136628423
96,chr1,136674424,136675423
97,chr1,136677424,136678423
98,chr1,136694424,136695423
99,chr1,136727424,136728423
100,chr1,137263424,137264423
101,chr1,139494424,139495423
102,chr1,140429424,140430423
103,chr1,140434424,140435423
104,chr1,151346871,151347870
105,chr1,152915871,152916870
106,chr1,153008871,153009870
107,chr1,153375871,153376870
108,chr1,154100871,154101870
109,chr1,156961870,156962869
110,chr1,156994870,156995869
111,chr1,157416870,157417869
112,chr1,160309870,160310869
113,chr1,164376870,164377869
114,chr1,164491870,164492869
115,chr1,166123870,166124869
116,chr1,166124870,166125869
117,chr1,180887870,180888869
118,chr1,180888870,180889869
119,chr1,180923870,180924869
120,chr1,180924870,180925869
121,chr1,181741870,181742869
122,chr1,181952870,181953869
123,chr1,182029870,182030869
124,chr1,182162870,182163869
125,chr1,186510122,186511121
126,chr1,186514122,186515121
127,chr1,186922122,186923121
128,chr1,191661122,191662121
129,chr1,192454119,192455118
130,chr3,7579001,7580000
131,chr3,9008001,9009000
132,chr3,9009001,9010000
133,chr3,9538001,9539000
134,chr3,11214001,11215000
135,chr3,17489001,17490000
136,chr3,18624001,18625000
137,chr3,19707001,19708000
138,chr3,22025079,22026078
139,chr3,22156079,22157078
140,chr3,25127079,25128078
141,chr3,25128079,25129078
142,chr3,27154079,27155078
143,chr3,27155079,27156078
144,chr3,28841079,28842078
145,chr3,28842079,28843078
146,chr3,30724079,30725078
147,chr3,31001079,31002078
148,chr3,31054079,31055078
149,chr3,34646079,34647078
150,chr3,34668079,34669078
151,chr3,34734079,34735078
152,chr3,34735079,34736078
153,chr3,34745079,34746078
154,chr3,34756079,34757078
155,chr3,34757079,34758078
156,chr3,34758079,34759078
157,chr3,34760079,34761078
158,chr3,34761079,34762078
159,chr3,35270079,35271078
160,chr3,37666079,37667078
161,chr3,41422079,41423078
162,chr3,41496079,41497078
163,chr3,51128079,51129078
164,chr3,52254079,52255078
165,chr3,53650079,53651078
166,chr3,54990079,54991078
167,chr3,63842079,63843078
168,chr3,65657079,65658078
169,chr3,68565079,68566078
170,chr3,72858079,72859078
171,chr3,73434079,73435078
172,chr3,79039079,79040078
173,chr3,81102079,81103078
174,chr3,83980079,83981078
175,chr3,84020079,84021078
176,chr3,84179079,84180078
177,chr3,84181079,84182078
178,chr3,86845079,86846078
179,chr3,86846079,86847078
180,chr3,88571079,88572078
181,chr3,88572079,88573078
182,chr3,90452079,90453078
183,chr3,95636079,95637078
184,chr3,95651079,95652078
185,chr3,95652079,95653078
186,chr3,95653079,95654078
187,chr3,96574078,96575077
188,chr3,96675078,96676077
189,chr3,97540078,97541077
190,chr3,101124078,101125077
191,chr3,101163078,101164077
192,chr3,101165078,101166077
193,chr3,102190078,102191077
194,chr3,103146078,103147077
195,chr3,103207078,103208077
196,chr3,103208078,103209077
197,chr3,103379078,103380077
198,chr3,122145083,122146082
199,chr3,122295083,122296082
200,chr3,122434083,122435082
201,chr3,122938083,122939082
202,chr3,126449083,126450082
203,chr3,129217083,129218082
204,chr3,129544083,129545082
205,chr3,129546083,129547082
206,chr3,131146083,131147082
207,chr3,133524037,133525036
208,chr3,133532037,133533036
209,chr3,133534037,133535036
210,chr3,135545037,135546036
211,chr3,135546037,135547036
212,chr3,135547037,135548036
213,chr3,136115037,136116036
214,chr3,137780037,137781036
215,chr3,144600037,144601036
216,chr3,147963037,147964036
217,chr3,149219037,149220036
218,chr3,149220037,149221036
219,chr3,153676037,153677036
220,chr3,157321037,157322036
221,chr3,157932037,157933036
222,chr2,8498374,8499373
223,chr2,10334374,10335373
224,chr2,17988374,17989373
225,chr2,20495374,20496373
226,chr2,20496374,20497373
227,chr2,20654374,20655373
228,chr2,20655374,20656373
229,chr2,20669374,20670373
230,chr2,21392374,21393373
231,chr2,26442481,26443480
232,chr2,26458481,26459480
233,chr2,26610481,26611480
234,chr2,29500481,29501480
235,chr2,31161481,31162480
236,chr2,38781481,38782480
237,chr2,40910481,40911480
238,chr2,44524481,44525480
239,chr2,44525481,44526480
240,chr2,51049481,51050480
241,chr2,52071481,52072480
242,chr2,58604590,58605589
243,chr2,59053763,59054762
244,chr2,59621944,59622943
245,chr2,59632944,59633943
246,chr2,59633944,59634943
247,chr2,60196944,60197943
248,chr2,65419944,65420943
249,chr2,65420944,65421943
250,chr2,65421944,65422943
251,chr2,65847944,65848943
252,chr2,69047944,69048943
253,chr2,70277944,70278943
254,chr2,70278944,70279943
255,chr2,71350944,71351943
256,chr2,71650944,71651943
257,chr2,71651944,71652943
258,chr2,71865944,71866943
259,chr2,71866944,71867943
260,chr2,74122944,74123943
261,chr2,74176944,74177943
262,chr2,75860944,75861943
263,chr2,83632844,83633843
264,chr2,87480844,87481843
265,chr2,92143844,92144843
266,chr2,93926844,93927843
267,chr2,93927844,93928843
268,chr2,102120844,102121843
269,chr2,104817844,104818843
270,chr2,106560844,106561843
271,chr2,106750844,106751843
272,chr2,109942844,109943843
273,chr2,112675844,112676843
274,chr2,112676844,112677843
275,chr2,115723265,115724264
276,chr2,116977265,116978264
277,chr2,116978265,116979264
278,chr2,116979265,116980264
279,chr2,119789265,119790264
280,chr2,119857265,119858264
281,chr2,124145265,124146264
282,chr2,128240265,128241264
283,chr2,129178265,129179264
284,chr2,129245265,129246264
285,chr2,129798265,129799264
286,chr2,131882265,131883264
287,chr2,131883265,131884264
288,chr2,132270265,132271264
289,chr2,134960265,134961264
290,chr2,135072265,135073264
291,chr2,135559265,135560264
292,chr2,135614265,135615264
293,chr2,135656265,135657264
294,chr2,144715265,144716264
295,chr2,146299265,146300264
296,chr2,146300265,146301264
297,chr2,146301265,146302264
298,chr2,146630265,146631264
299,chr2,146631265,146632264
300,chr2,149798265,149799264
301,chr2,149983265,149984264
302,chr2,150657265,150658264
303,chr2,152177265,152178264
304,chr2,152792265,152793264
305,chr2,154423265,154424264
306,chr2,154426265,154427264
307,chr2,154427265,154428264
308,chr2,154428265,154429264
309,chr2,154465265,154466264
310,chr2,154893265,154894264
311,chr2,156690265,156691264
312,chr2,157376265,157377264
313,chr2,159418265,159419264
314,chr2,160471265,160472264
315,chr2,160656265,160657264
316,chr2,163031265,163032264
317,chr2,163051265,163052264
318,chr2,163052265,163053264
319,chr2,165968501,165969500
320,chr2,165969501,165970500
321,chr2,165980501,165981500
322,chr2,166156501,166157500
323,chr2,166193501,166194500
324,chr2,167058501,167059500
325,chr2,167144501,167145500
326,chr2,170771501,170772500
327,chr2,171230501,171231500
328,chr2,171278501,171279500
329,chr2,172516501,172517500
330,chr2,172520501,172521500
331,chr2,172544501,172545500
332,chr2,174260500,174261499
333,chr2,181918296,181919295
334,chr2,181932296,181933295
335,chr5,14002001,14003000
336,chr5,18688183,18689182
337,chr5,25554183,25555182
338,chr5,26691461,26692460
339,chr5,32437628,32438627
340,chr5,33535352,33536351
341,chr5,38588762,38589761
342,chr5,50122762,50123761
343,chr5,53541762,53542761
344,chr5,53670762,53671761
345,chr5,63574762,63575761
346,chr5,63930762,63931761
347,chr5,64499762,64500761
348,chr5,64647762,64648761
349,chr5,64864762,64865761
350,chr5,72464762,72465761
351,chr5,72901762,72902761
352,chr5,74799976,74800975
353,chr5,76321976,76322975
354,chr5,92111975,92112974
355,chr5,97202982,97203981
356,chr5,97217982,97218981
357,chr5,102904982,102905981
358,chr5,103723982,103724981
359,chr5,103725982,103726981
360,chr5,103734982,103735981
361,chr5,104432982,104433981
362,chr5,104433982,104434981
363,chr5,106772982,106773981
364,chr5,106773982,106774981
365,chr5,108076982,108077981
366,chr5,110226982,110227981
367,chr5,110436982,110437981
368,chr5,110468982,110469981
369,chr5,113329981,113330980
370,chr5,113597047,113598046
371,chr5,117395992,117396991
372,chr5,118433992,118434991
373,chr5,118435992,118436991
374,chr5,118444992,118445991
375,chr5,118448992,118449991
376,chr5,119584992,119585991
377,chr5,122190992,122191991
378,chr5,122268992,122269991
379,chr5,123157992,123158991
380,chr5,129242126,129243125
381,chr5,129270126,129271125
382,chr5,134941131,134942130
383,chr5,134970131,134971130
384,chr5,137046131,137047130
385,chr5,139167047,139168046
386,chr5,142803322,142804321
387,chr5,144912132,144913131
388,chr4,6968854,6969853
389,chr4,10398854,10399853
390,chr4,10931854,10932853
391,chr4,12662854,12663853
392,chr4,13095854,13096853
393,chr4,22046854,22047853
394,chr4,28966851,28967850
395,chr4,33338026,33339025
396,chr4,33340026,33341025
397,chr4,33514026,33515025
398,chr4,33823026,33824025
399,chr4,34558752,34559751
400,chr4,45771129,45772128
401,chr4,53339129,53340128
402,chr4,53789129,53790128
403,chr4,53952129,53953128
404,chr4,55463129,55464128
405,chr4,55464129,55465128
406,chr4,55475129,55476128
407,chr4,55476129,55477128
408,chr4,55477129,55478128
409,chr4,57690129,57691128
410,chr4,57920129,57921128
411,chr4,59558129,59559128
412,chr4,62248967,62249966
413,chr4,62256967,62257966
414,chr4,66329967,66330966
415,chr4,82430097,82431096
416,chr4,82447097,82448096
417,chr4,82543097,82544096
418,chr4,83329097,83330096
419,chr4,83330097,83331096
420,chr4,83489097,83490096
421,chr4,84528097,84529096
422,chr4,84662097,84663096
423,chr4,85164097,85165096
424,chr4,86183097,86184096
425,chr4,86241097,86242096
426,chr4,98738310,98739309
427,chr4,98847310,98848309
428,chr4,99635310,99636309
429,chr4,99641310,99642309
430,chr4,99642310,99643309
431,chr4,105322396,105323395
432,chr4,105460396,105461395
433,chr4,106859396,106860395
434,chr4,108182396,108183395
435,chr4,108218396,108219395
436,chr4,110311396,110312395
437,chr4,116725396,116726395
438,chr4,116781396,116782395
439,chr4,117413396,117414395
440,chr4,119025396,119026395
441,chr4,119026396,119027395
442,chr4,119071396,119072395
443,chr4,123623758,123624757
444,chr4,123632758,123633757
445,chr4,123634758,123635757
446,chr4,123665758,123666757
447,chr4,127226757,127227756
448,chr4,127344757,127345756
449,chr4,129050757,129051756
450,chr4,130631086,130632085
451,chr4,130639086,130640085
452,chr4,130640086,130641085
453,chr4,131126086,131127085
454,chr4,132649086,132650085
455,chr4,133122086,133123085
456,chr4,133442086,133443085
457,chr4,133660086,133661085
458,chr4,135581086,135582085
459,chr4,137597086,137598085
460,chr4,138322086,138323085
461,chr4,138445086,138446085
462,chr4,138794086,138795085
463,chr4,141282086,141283085
464,chr4,141284086,141285085
465,chr4,141291086,141292085
466,chr4,141565086,141566085
467,chr4,141569086,141570085
468,chr4,141570086,141571085
469,chr4,142070086,142071085
470,chr4,142166086,142167085
471,chr4,142171086,142172085
472,chr4,142235086,142236085
473,chr4,148599892,148600891
474,chr4,155189892,155190891
475,chr6,4980001,4981000
476,chr6,5019001,5020000
477,chr6,5119001,5120000
478,chr6,6140001,6141000
479,chr6,7753001,7754000
480,chr6,8345001,8346000
481,chr6,23830001,23831000
482,chr6,30159001,30160000
483,chr6,30272001,30273000
484,chr6,31371001,31372000
485,chr6,31897001,31898000
486,chr6,33770001,33771000
487,chr6,34344001,34345000
488,chr6,35236001,35237000
489,chr6,37658001,37659000
490,chr6,37689001,37690000
491,chr6,37857001,37858000
492,chr6,39430002,39431001
493,chr6,39445002,39446001
494,chr6,39446002,39447001
495,chr6,52077002,52078001
496,chr6,52078002,52079001
497,chr6,52106002,52107001
498,chr6,53201007,53202006
499,chr6,54097007,54098006
500,chr6,54855007,54856006
501,chr6,55792007,55793006
502,chr6,61431007,61432006
503,chr6,65021007,65022006
504,chr6,65022007,65023006
505,chr6,65023007,65024006
506,chr6,65024007,65025006
507,chr6,65796007,65797006
508,chr6,67111007,67112006
509,chr6,67112007,67113006
510,chr6,67146007,67147006
511,chr6,71085007,71086006
512,chr6,72787007,72788006
513,chr6,72808007,72809006
514,chr6,72926007,72927006
515,chr6,72927007,72928006
516,chr6,77604007,77605006
517,chr6,80590007,80591006
518,chr6,82175007,82176006
519,chr6,82703007,82704006
520,chr6,83050007,83051006
521,chr6,83890007,83891006
522,chr6,91710007,91711006
523,chr6,92246007,92247006
524,chr6,92495007,92496006
525,chr6,92843007,92844006
526,chr6,97102007,97103006
527,chr6,97521007,97522006
528,chr6,100378007,100379006
529,chr6,108258007,108259006
530,chr6,122340983,122341982
531,chr6,122341983,122342982
532,chr6,122365983,122366982
533,chr6,122701983,122702982
534,chr6,122765983,122766982
535,chr6,122769983,122770982
536,chr6,125432983,125433982
537,chr6,125503983,125504982
538,chr6,128260983,128261982
539,chr6,128281983,128282982
540,chr6,128295983,128296982
541,chr6,129363983,129364982
542,chr6,133986983,133987982
543,chr6,136468480,136469479
544,chr6,136489480,136490479
545,chr6,140605480,140606479
546,chr6,142511481,142512480
547,chr6,142961481,142962480
548,chr6,143141481,143142480
549,chr6,143142481,143143480
550,chr6,144361481,144362480
551,chr6,145275481,145276480
552,chr6,145276481,145277480
553,chr6,148991479,148992478
554,chr6,148992479,148993478
555,chr6,149130479,149131478
556,chr6,149131479,149132478
557,chr7,3193000,3193999
558,chr7,3201000,3201999
559,chr7,3204000,3204999
560,chr7,3206000,3206999
561,chr7,3210000,3210999
562,chr7,3212000,3212999
563,chr7,3213000,3213999
564,chr7,3347899,3348898
565,chr7,3586401,3587400
566,chr7,4820399,4821398
567,chr7,4902399,4903398
568,chr7,6760290,6761289
569,chr7,13013652,13014651
570,chr7,13014652,13015651
571,chr7,16364652,16365651
572,chr7,24459982,24460981
573,chr7,25263982,25264981
574,chr7,25302982,25303981
575,chr7,27646982,27647981
576,chr7,30462982,30463981
577,chr7,30463982,30464981
578,chr7,38027982,38028981
579,chr7,38028982,38029981
580,chr7,38029982,38030981
581,chr7,45551631,45552630
582,chr7,49346631,49347630
583,chr7,49448631,49449630
584,chr7,63948115,63949114
585,chr7,65873115,65874114
586,chr7,79211115,79212114
587,chr7,80015115,80016114
588,chr7,80130115,80131114
589,chr7,80221115,80222114
590,chr7,80746115,80747114
591,chr7,82785491,82786490
592,chr7,83376491,83377490
593,chr7,89975491,89976490
594,chr7,95479491,95480490
595,chr7,96215491,96216490
596,chr7,96244491,96245490
597,chr7,97429491,97430490
598,chr7,97804491,97805490
599,chr7,100699487,100700486
600,chr7,102199487,102200486
601,chr7,107236487,107237486
602,chr7,107348487,107349486
603,chr7,111337487,111338486
604,chr7,112688487,112689486
605,chr7,114740487,114741486
606,chr7,118118487,118119486
607,chr7,118827487,118828486
608,chr7,119898487,119899486
609,chr7,120157487,120158486
610,chr7,127223487,127224486
611,chr7,129420487,129421486
612,chr7,130251487,130252486
613,chr7,130600487,130601486
614,chr7,130887487,130888486
615,chr7,133064318,133065317
616,chr7,133095318,133096317
617,chr7,133112318,133113317
618,chr7,133114318,133115317
619,chr7,138856318,138857317
620,chr7,139949102,139950101
621,chr7,140958102,140959101
622,chr7,140959102,140960101
623,chr7,140962102,140963101
624,chr8,4366001,4367000
625,chr8,12050001,12051000
626,chr8,14015001,14016000
627,chr8,15844001,15845000
628,chr8,17576001,17577000
629,chr8,18480001,18481000
630,chr8,23561529,23562528
631,chr8,24570529,24571528
632,chr8,27235529,27236528
633,chr8,34726947,34727946
634,chr8,36547947,36548946
635,chr8,36549947,36550946
636,chr8,43290647,43291646
637,chr8,43320647,43321646
638,chr8,44978647,44979646
639,chr8,47337647,47338646
640,chr8,48728647,48729646
641,chr8,48751647,48752646
642,chr8,54075647,54076646
643,chr8,56218204,56219203
644,chr8,63929204,63930203
645,chr8,65208102,65209101
646,chr8,72311102,72312101
647,chr8,72334102,72335101
648,chr8,73336102,73337101
649,chr8,78068102,78069101
650,chr8,78493102,78494101
651,chr8,83160102,83161101
652,chr8,84022102,84023101
653,chr8,84650102,84651101
654,chr8,85473102,85474101
655,chr8,86775102,86776101
656,chr8,86888102,86889101
657,chr8,88991102,88992101
658,chr8,89003102,89004101
659,chr8,89067102,89068101
660,chr8,90904102,90905101
661,chr8,105233101,105234100
662,chr8,106963101,106964100
663,chr8,107287101,107288100
664,chr8,111613101,111614100
665,chr8,111649101,111650100
666,chr8,111650101,111651100
667,chr8,111789101,111790100
668,chr8,116673101,116674100
669,chr8,117344101,117345100
670,chr8,117463101,117464100
671,chr8,118796101,118797100
672,chr8,120671101,120672100
673,chr8,123023101,123024100
674,chr8,125504101,125505100
675,chr8,125700101,125701100
676,chr8,125702101,125703100
677,chr8,126557101,126558100
678,chr9,7634001,7635000
679,chr9,8463001,8464000
680,chr9,10449001,10450000
681,chr9,17874557,17875556
682,chr9,18721557,18722556
683,chr9,18722557,18723556
684,chr9,20627557,20628556
685,chr9,20977557,20978556
686,chr9,20982557,20983556
687,chr9,21767557,21768556
688,chr9,24160557,24161556
689,chr9,31018416,31019415
690,chr9,32094416,32095415
691,chr9,32095416,32096415
692,chr9,40792918,40793917
693,chr9,42173918,42174917
694,chr9,43131918,43132917
695,chr9,44594918,44595917
696,chr9,45348918,45349917
697,chr9,45349918,45350917
698,chr9,49750896,49751895
699,chr9,55212194,55213193
700,chr9,55598194,55599193
701,chr9,56547194,56548193
702,chr9,58272194,58273193
703,chr9,58278194,58279193
704,chr9,58279194,58280193
705,chr9,65619194,65620193
706,chr9,67208194,67209193
707,chr9,70817194,70818193
708,chr9,74997194,74998193
709,chr9,77616194,77617193
710,chr9,77759194,77760193
711,chr9,78359194,78360193
712,chr9,78364194,78365193
713,chr9,78371194,78372193
714,chr9,78374194,78375193
715,chr9,88332163,88333162
716,chr9,92260163,92261162
717,chr9,96229582,96230581
718,chr9,99419582,99420581
719,chr9,110947497,110948496
720,chr9,110952497,110953496
721,chr9,113192883,113193882
722,chr9,114583883,114584882
723,chr9,118537883,118538882
724,chr9,120148883,120149882
725,chr9,120679883,120680882
726,chr10,3646540,3647539
727,chr10,4107540,4108539
728,chr10,4124540,4125539
729,chr10,4492540,4493539
730,chr10,5322540,5323539
731,chr10,9085203,9086202
732,chr10,12572203,12573202
733,chr10,12608203,12609202
734,chr10,17576195,17577194
735,chr10,17579195,17580194
736,chr10,18418195,18419194
737,chr10,18422195,18423194
738,chr10,19208195,19209194
739,chr10,19891195,19892194
740,chr10,21101195,21102194
741,chr10,21102195,21103194
742,chr10,21701195,21702194
743,chr10,21746195,21747194
744,chr10,21829195,21830194
745,chr10,21845195,21846194
746,chr10,21848195,21849194
747,chr10,21849195,21850194
748,chr10,21988195,21989194
749,chr10,25313195,25314194
750,chr10,27994195,27995194
751,chr10,28013195,28014194
752,chr10,28014195,28015194
753,chr10,28425195,28426194
754,chr10,28636195,28637194
755,chr10,30737195,30738194
756,chr10,34230195,34231194
757,chr10,34233195,34234194
758,chr10,36935195,36936194
759,chr10,40363195,40364194
760,chr10,41467195,41468194
761,chr10,41830195,41831194
762,chr10,43043195,43044194
763,chr10,44368195,44369194
764,chr10,44391195,44392194
765,chr10,44392195,44393194
766,chr10,45072195,45073194
767,chr10,47517195,47518194
768,chr10,52272195,52273194
769,chr10,52273195,52274194
770,chr10,52278195,52279194
771,chr10,56374195,56375194
772,chr10,56380195,56381194
773,chr10,58354253,58355252
774,chr10,59353253,59354252
775,chr10,59558253,59559252
776,chr10,59974253,59975252
777,chr10,60165253,60166252
778,chr10,61315253,61316252
779,chr10,61415253,61416252
780,chr10,61929253,61930252
781,chr10,62892253,62893252
782,chr10,62893253,62894252
783,chr10,62894253,62895252
784,chr10,62895253,62896252
785,chr10,62896253,62897252
786,chr10,62897253,62898252
787,chr10,62898253,62899252
788,chr10,66897253,66898252
789,chr10,66901253,66902252
790,chr10,66917253,66918252
791,chr10,67083253,67084252
792,chr10,67100253,67101252
793,chr10,68137253,68138252
794,chr10,68795253,68796252
795,chr10,70359253,70360252
796,chr10,70364253,70365252
797,chr10,75881256,75882255
798,chr10,77199256,77200255
799,chr10,78047256,78048255
800,chr10,80050256,80051255
801,chr10,80051256,80052255
802,chr10,82809256,82810255
803,chr10,84382256,84383255
804,chr10,84554256,84555255
805,chr10,84555256,84556255
806,chr10,84910256,84911255
807,chr10,85050256,85051255
808,chr10,85071256,85072255
809,chr10,85539256,85540255
810,chr10,88684256,88685255
811,chr10,88708256,88709255
812,chr10,92816256,92817255
813,chr10,93242256,93243255
814,chr10,95175367,95176366
815,chr10,95220367,95221366
816,chr10,95455367,95456366
817,chr10,95595367,95596366
818,chr10,95883367,95884366
819,chr10,99460367,99461366
820,chr10,105523945,105524944
821,chr10,108285945,108286944
822,chr10,108286945,108287944
823,chr10,108290945,108291944
824,chr10,108567945,108568944
825,chr10,112399945,112400944
826,chr10,116561945,116562944
827,chr10,116562945,116563944
828,chr10,117716945,117717944
829,chr10,117805945,117806944
830,chr10,118460945,118461944
831,chr10,120169945,120170944
832,chr10,120170945,120171944
833,chr10,121454945,121455944
834,chr10,130293945,130294944
835,chr11,6038998,6039997
836,chr11,6894998,6895997
837,chr11,7422998,7423997
838,chr11,8568998,8569997
839,chr11,8574998,8575997
840,chr11,8585998,8586997
841,chr11,8634998,8635997
842,chr11,9115998,9116997
843,chr11,11941998,11942997
844,chr11,12466998,12467997
845,chr11,12468998,12469997
846,chr11,17882998,17883997
847,chr11,20230998,20231997
848,chr11,20320998,20321997
849,chr11,20590998,20591997
850,chr11,22830001,22831000
851,chr11,22936001,22937000
852,chr11,23801001,23802000
853,chr11,23802001,23803000
854,chr11,25474001,25475000
855,chr11,26099001,26100000
856,chr11,26129001,26130000
857,chr11,26170001,26171000
858,chr11,30749001,30750000
859,chr11,30750001,30751000
860,chr11,33527001,33528000
861,chr11,33530001,33531000
862,chr11,33533001,33534000
863,chr11,33537001,33538000
864,chr11,34738499,34739498
865,chr11,40050499,40051498
866,chr11,44746499,44747498
867,chr11,47640499,47641498
868,chr11,49805499,49806498
869,chr11,53297499,53298498
870,chr11,59780499,59781498
871,chr11,60414499,60415498
872,chr11,60441499,60442498
873,chr11,62214499,62215498
874,chr11,62510499,62511498
875,chr11,63270499,63271498
876,chr11,64089499,64090498
877,chr11,66932499,66933498
878,chr11,67011499,67012498
879,chr11,68393499,68394498
880,chr11,69703499,69704498
881,chr11,69707499,69708498
882,chr11,76484499,76485498
883,chr11,77673499,77674498
884,chr11,77679499,77680498
885,chr11,79002499,79003498
886,chr11,79425499,79426498
887,chr11,80131499,80132498
888,chr11,80135499,80136498
889,chr11,80137499,80138498
890,chr11,88629687,88630686
891,chr11,88689687,88690686
892,chr11,88719687,88720686
893,chr11,88967687,88968686
894,chr11,88968687,88969686
895,chr11,89067687,89068686
896,chr11,94046687,94047686
897,chr11,95311687,95312686
898,chr11,97288687,97289686
899,chr11,97635687,97636686
900,chr11,97661687,97662686
901,chr11,101681687,101682686
902,chr11,101772687,101773686
903,chr11,102331687,102332686
904,chr11,107351687,107352686
905,chr11,107352687,107353686
906,chr11,107435687,107436686
907,chr11,111042687,111043686
908,chr11,117081687,117082686
909,chr11,117972687,117973686
910,chr11,117974687,117975686
911,chr11,117975687,117976686
912,chr11,120663687,120664686
913,chr12,3662001,3663000
914,chr12,4360001,4361000
915,chr12,4897195,4898194
916,chr12,12177195,12178194
917,chr12,12784195,12785194
918,chr12,12787195,12788194
919,chr12,12803195,12804194
920,chr12,12943195,12944194
921,chr12,21462140,21463139
922,chr12,27031136,27032135
923,chr12,27064136,27065135
924,chr12,35641329,35642328
925,chr12,39888414,39889413
926,chr12,39995414,39996413
927,chr12,39996414,39997413
928,chr12,39997414,39998413
929,chr12,41386414,41387413
930,chr12,41558414,41559413
931,chr12,41729014,41730013
932,chr12,41730014,41731013
933,chr12,53474014,53475013
934,chr12,54102014,54103013
935,chr12,55386014,55387013
936,chr12,56296014,56297013
937,chr12,56298014,56299013
938,chr12,58473014,58474013
939,chr12,61610014,61611013
940,chr12,70711014,70712013
941,chr12,71053014,71054013
942,chr12,71297014,71298013
943,chr12,71460014,71461013
944,chr12,72649014,72650013
945,chr12,72650014,72651013
946,chr12,73085014,73086013
947,chr12,73086014,73087013
948,chr12,78996014,78997013
949,chr12,86466051,86467050
950,chr12,86479051,86480050
951,chr12,86498051,86499050
952,chr12,86499051,86500050
953,chr12,86501051,86502050
954,chr12,86502051,86503050
955,chr12,86504051,86505050
956,chr12,86945051,86946050
957,chr12,87289051,87290050
958,chr12,87317051,87318050
959,chr12,99341791,99342790
960,chr12,102706791,102707790
961,chr12,102724791,102725790
962,chr12,104432791,104433790
963,chr12,104763791,104764790
964,chr12,106175791,106176790
965,chr12,108711791,108712790
966,chr12,110471791,110472790
967,chr12,110504791,110505790
968,chr12,110836791,110837790
969,chr12,117047528,117048527
970,chr12,118766528,118767527
971,chr13,4770755,4771754
972,chr13,5802755,5803754
973,chr13,6641755,6642754
974,chr13,14426734,14427733
975,chr13,16769167,16770166
976,chr13,16829167,16830166
977,chr13,17844167,17845166
978,chr13,19569132,19570131
979,chr13,19628132,19629131
980,chr13,23595132,23596131
981,chr13,28590132,28591131
982,chr13,34109132,34110131
983,chr13,34244132,34245131
984,chr13,34827132,34828131
985,chr13,37436132,37437131
986,chr13,37773132,37774131
987,chr13,40862632,40863631
988,chr13,44018632,44019631
989,chr13,44020632,44021631
990,chr13,44085632,44086631
991,chr13,44677632,44678631
992,chr13,44704632,44705631
993,chr13,44721632,44722631
994,chr13,47855632,47856631
995,chr13,48159632,48160631
996,chr13,48244632,48245631
997,chr13,51052632,51053631
998,chr13,51920632,51921631
999,chr13,52561632,52562631
1000,chr13,54215632,54216631
1001,chr13,55313640,55314639
1002,chr13,58280640,58281639
1003,chr13,63529693,63530692
1004,chr13,63530693,63531692
1005,chr13,63968693,63969692
1006,chr13,73914553,73915552
1007,chr13,85146396,85147395
1008,chr13,89661396,89662395
1009,chr13,90869396,90870395
1010,chr13,94706046,94707045
1011,chr13,95532046,95533045
1012,chr13,95534046,95535045
1013,chr13,97283046,97284045
1014,chr13,97432046,97433045
1015,chr13,97580046,97581045
1016,chr13,97588046,97589045
1017,chr13,97600046,97601045
1018,chr13,107660921,107661920
1019,chr13,109632805,109633804
1020,chr13,109676789,109677788
1021,chr13,109839793,109840792
1022,chr13,111540793,111541792
1023,chr13,112461793,112462792
1024,chr13,113769793,113770792
1025,chr13,114025793,114026792
1026,chr13,114278793,114279792
1027,chr14,8403487,8404486
1028,chr14,11663487,11664486
1029,chr14,19860779,19861778
1030,chr14,27046815,27047814
1031,chr14,27346815,27347814
1032,chr14,29950815,29951814
1033,chr14,47572326,47573325
1034,chr14,48653326,48654325
1035,chr14,48700326,48701325
1036,chr14,48754326,48755325
1037,chr14,49447326,49448325
1038,chr14,52066326,52067325
1039,chr14,58101164,58102163
1040,chr14,63500164,63501163
1041,chr14,63501164,63502163
1042,chr14,76495194,76496193
1043,chr14,76515194,76516193
1044,chr14,77250194,77251193
1045,chr14,77509194,77510193
1046,chr14,77519194,77520193
1047,chr14,78288194,78289193
1048,chr14,86396194,86397193
1049,chr14,99324782,99325781
1050,chr14,99338782,99339781
1051,chr14,99339782,99340781
1052,chr14,99509782,99510781
1053,chr14,100209782,100210781
1054,chr14,105858784,105859783
1055,chr14,105860784,105861783
1056,chr14,105900784,105901783
1057,chr14,105920784,105921783
1058,chr14,116868779,116869778
1059,chr14,118713779,118714778
1060,chr14,121505779,121506778
1061,chr14,122254779,122255778
1062,chr14,122267779,122268778
1063,chr14,122341779,122342778
1064,chr14,122415779,122416778
1065,chr14,122433779,122434778
1066,chr14,122467779,122468778
1067,chr15,5991001,5992000
1068,chr15,7115001,7116000
1069,chr15,7116001,7117000
1070,chr15,7117001,7118000
1071,chr15,7168001,7169000
1072,chr15,7531001,7532000
1073,chr15,9898246,9899245
1074,chr15,10642246,10643245
1075,chr15,10723246,10724245
1076,chr15,16446246,16447245
1077,chr15,25769246,25770245
1078,chr15,37238246,37239245
1079,chr15,37977246,37978245
1080,chr15,38312246,38313245
1081,chr15,39646455,39647454
1082,chr15,39728455,39729454
1083,chr15,39780455,39781454
1084,chr15,41882455,41883454
1085,chr15,43529455,43530454
1086,chr15,50900455,50901454
1087,chr15,52012455,52013454
1088,chr15,55877446,55878445
1089,chr15,56742446,56743445
1090,chr15,62010446,62011445
1091,chr15,62063446,62064445
1092,chr15,62092446,62093445
1093,chr15,62958446,62959445
1094,chr15,79519571,79520570
1095,chr15,81517571,81518570
1096,chr15,81662571,81663570
1097,chr15,83441571,83442570
1098,chr15,88708571,88709570
1099,chr15,92963570,92964569
1100,chr15,96244570,96245569
1101,chr15,96702570,96703569
1102,chr15,97593570,97594569
1103,chr15,98991570,98992569
1104,chr15,101233570,101234569
1105,chr15,102240570,102241569
1106,chr15,102401570,102402569
1107,chr15,103519570,103520569
1108,chr16,8777908,8778907
1109,chr16,8831908,8832907
1110,chr16,8838908,8839907
1111,chr16,9283908,9284907
1112,chr16,13747908,13748907
1113,chr16,13748908,13749907
1114,chr16,13950908,13951907
1115,chr16,14020908,14021907
1116,chr16,16087908,16088907
1117,chr16,17456908,17457907
1118,chr16,20371928,20372927
1119,chr16,22252928,22253927
1120,chr16,22412928,22413927
1121,chr16,23101928,23102927
1122,chr16,25049915,25050914
1123,chr16,26961915,26962914
1124,chr16,30640915,30641914
1125,chr16,30820915,30821914
1126,chr16,30939915,30940914
1127,chr16,33843915,33844914
1128,chr16,35966915,35967914
1129,chr16,38471919,38472918
1130,chr16,38557888,38558887
1131,chr16,41633888,41634887
1132,chr16,42780888,42781887
1133,chr16,42781888,42782887
1134,chr16,46499888,46500887
1135,chr16,48474888,48475887
1136,chr16,59545175,59546174
1137,chr16,64885175,64886174
1138,chr16,65648756,65649755
1139,chr16,72071756,72072755
1140,chr16,73096756,73097755
1141,chr16,82595756,82596755
1142,chr16,84768756,84769755
1143,chr16,88719756,88720755
1144,chr16,92215756,92216755
1145,chr16,93462756,93463755
1146,chr16,94601394,94602393
1147,chr17,7533136,7534135
1148,chr17,10366136,10367135
1149,chr17,10432135,10433134
1150,chr17,11353135,11354134
1151,chr17,14817994,14818993
1152,chr17,17441037,17442036
1153,chr17,24795056,24796055
1154,chr17,28594056,28595055
1155,chr17,29465056,29466055
1156,chr17,31307056,31308055
1157,chr17,31806056,31807055
1158,chr17,31808056,31809055
1159,chr17,33683056,33684055
1160,chr17,33901056,33902055
1161,chr17,35503056,35504055
1162,chr17,35504056,35505055
1163,chr17,35939056,35940055
1164,chr17,36973056,36974055
1165,chr17,36974056,36975055
1166,chr17,36995056,36996055
1167,chr17,36997056,36998055
1168,chr17,36998056,36999055
1169,chr17,37080056,37081055
1170,chr17,37990056,37991055
1171,chr17,43712052,43713051
1172,chr17,43982052,43983051
1173,chr17,45602052,45603051
1174,chr17,45607052,45608051
1175,chr17,46812052,46813051
1176,chr17,47571052,47572051
1177,chr17,53560676,53561675
1178,chr17,53561676,53562675
1179,chr17,63532652,63533651
1180,chr17,63533652,63534651
1181,chr17,66479661,66480660
1182,chr17,70772661,70773660
1183,chr17,70827661,70828660
1184,chr17,70828661,70829660
1185,chr17,70900661,70901660
1186,chr17,70901661,70902660
1187,chr17,76111661,76112660
1188,chr17,79364661,79365660
1189,chr17,79680661,79681660
1190,chr17,79745661,79746660
1191,chr17,80785661,80786660
1192,chr17,80800661,80801660
1193,chr17,84350661,84351660
1194,chr17,85142661,85143660
1195,chr17,86750661,86751660
1196,chr17,87471661,87472660
1197,chr17,88158661,88159660
1198,chr17,88346661,88347660
1199,chr17,90031661,90032660
1200,chr18,3006001,3007000
1201,chr18,5012003,5013002
1202,chr18,13712492,13713491
1203,chr18,17418492,17419491
1204,chr18,20489500,20490499
1205,chr18,20748500,20749499
1206,chr18,23514500,23515499
1207,chr18,24868500,24869499
1208,chr18,30121347,30122346
1209,chr18,33835347,33836346
1210,chr18,34815347,34816346
1211,chr18,35043347,35044346
1212,chr18,35757347,35758346
1213,chr18,36253347,36254346
1214,chr18,36415347,36416346
1215,chr18,37771347,37772346
1216,chr18,37889347,37890346
1217,chr18,38148347,38149346
1218,chr18,38628347,38629346
1219,chr18,38635347,38636346
1220,chr18,46713347,46714346
1221,chr18,47492347,47493346
1222,chr18,54719347,54720346
1223,chr18,61633347,61634346
1224,chr18,65586347,65587346
1225,chr18,67341347,67342346
1226,chr18,67497347,67498346
1227,chr18,68157347,68158346
1228,chr18,69781347,69782346
1229,chr18,75360347,75361346
1230,chr18,75579347,75580346
1231,chr18,75584347,75585346
1232,chr18,77066262,77067261
1233,chr18,77142262,77143261
1234,chr18,77560262,77561261
1235,chr18,81865262,81866261
1236,chr18,82778609,82779608
1237,chr18,84933609,84934608
1238,chr19,3842001,3843000
1239,chr19,4329001,4330000
1240,chr19,4849001,4850000
1241,chr19,5846001,5847000
1242,chr19,7261511,7262510
1243,chr19,14594511,14595510
1244,chr19,14655511,14656510
1245,chr19,14677511,14678510
1246,chr19,14873511,14874510
1247,chr19,16491511,16492510
1248,chr19,20923511,20924510
1249,chr19,21788511,21789510
1250,chr19,21894511,21895510
1251,chr19,23087511,23088510
1252,chr19,23094511,23095510
1253,chr19,23131511,23132510
1254,chr19,23132511,23133510
1255,chr19,23136511,23137510
1256,chr19,23467511,23468510
1257,chr19,25488511,25489510
1258,chr19,25573511,25574510
1259,chr19,27904511,27905510
1260,chr19,28182511,28183510
1261,chr19,29007511,29008510
1262,chr19,29271511,29272510
1263,chr19,29285511,29286510
1264,chr19,29945511,29946510
1265,chr19,32194511,32195510
1266,chr19,32254511,32255510
1267,chr19,32255511,32256510
1268,chr19,32963511,32964510
1269,chr19,34655511,34656510
1270,chr19,37400511,37401510
1271,chr19,38063511,38064510
1272,chr19,38348511,38349510
1273,chr19,41013511,41014510
1274,chr19,42135511,42136510
1275,chr19,44265511,44266510
1276,chr19,45649511,45650510
1277,chr19,46835511,46836510
1278,chr19,47450511,47451510
1279,chr19,53448511,53449510
1280,chr19,55542511,55543510
1281,chr19,55556511,55557510
1282,chr19,57366511,57367510
1283,chr19,57576511,57577510
1284,chrX,8007875,8008874
1285,chrX,8206875,8207874
1286,chrX,12926875,12927874
1287,chrX,13013875,13014874
1288,chrX,13205875,13206874
1289,chrX,20874875,20875874
1290,chrX,52348824,52349823
1291,chrX,52746824,52747823
1292,chrX,52758824,52759823
1293,chrX,58013824,58014823
1294,chrX,58039824,58040823
1295,chrX,60168824,60169823
1296,chrX,99556662,99557661
1297,chrX,101481662,101482661
1298,chrX,103311662,103312661
1299,chrX,103437662,103438661
1300,chrX,103986662,103987661
1301,chrX,103987662,103988661
1302,chrX,144337458,144338457
1303,chrX,157601069,157602068
1304,chrX,162832069,162833068
1305,chr7_JH792828_fix,192494,193489
1306,chr7_JH792828_fix,199678,200677
1307,chr7_JH792828_fix,202678,203677
1308,chr7_JH792828_fix,204677,205676
1309,chr7_JH792828_fix,208677,209676
1310,chr7_JH792828_fix,210677,211669
1311,chr7_JH792828_fix,211670,212669
1312,chr7_JH792828_fix,346415,347414
1313,chr4_KQ030489_fix,66637,67636
1314,chr4_KQ030489_fix,74637,75636
1315,chr4_KQ030489_fix,75637,76636
